Buying,Selling,Mid Rate
0,0.8636,0.4318
0,0.8632,0.4316
0,0.8641,0.4321
0,0.8575,0.4288
0,0.8623,0.4312
0,0.8655,0.4328
0,0.867,0.4335
0,0.8787,0.4394
0,0.8795,0.4398
0,0.8848,0.4424
0,0.8629,0.4315
0,0.8651,0.4326
0,0.8621,0.4311
0,0.8558,0.4279
0,0.8403,0.4202
0,0.8522,0.4261
0,0.8558,0.4279
0,0.8668,0.4334
0,0.8611,0.4306
0,0.8707,0.4354
0,0.87,0.435
0,0.8747,0.4374
0,0.9782,0.4891
0,0.8896,0.4448
0,0.8919,0.446
0,0.8763,0.4382
0,0.878,0.439
0,0.8737,0.4369
0,0.8869,0.4435
0,0.8887,0.4444
0,0.8877,0.4439
0,"8,888.00","4,444.00"
0,0.8909,0.4455
0,0.8983,0.4492
0,0.9042,0.4521
0,0.901,0.4505
0,0.9027,0.4514
0,0.9063,0.4532
0,0.9063,0.4532
0,0.9117,0.4559
0,0.9233,0.4617
0,0.924,0.462
0,0.9199,0.46
0,0.9165,0.4583
0,0.9106,0.4553
0,0.917,0.4585
0,0.9102,0.4551
0,0.9102,0.4551
0,0.9163,0.4582
0,0.9207,0.4604
0,0.9298,0.4649
0,0.9123,0.4562
0,0.9125,0.4563
0,0,0
0,0.9008,0.4504
0,0.7908,0.3954
0,0.9017,0.4509
0,0.9067,0.4534
0,0.9089,0.4545
0,0.9025,0.4513
0,0.8952,0.4476
0,0.8963,0.4482
0,0.9015,0.4508
0,0.9016,0.4508
0,0.9067,0.4534
0,0.9131,0.4566
0,0.9177,0.4589
0,0.9176,0.4588
0,0.9202,0.4601
0,0.9135,0.4568
0,0.9184,0.4592
0,0.9192,0.4596
0,0.928,0.464
0,0.9299,0.465
0,0.9319,0.466
0,0.9327,0.4664
0,0.9419,0.471
0,0.9381,0.4691
0,0.9332,0.4666
0,0.9308,0.4654
0,0.928,0.464
0,0.9294,0.4647
0,0.9256,0.4628
0,0.941,0.4705
0,0,0
0,0.9432,0.4716
0,0.9363,0.4682
0,0.9383,0.4692
0,0.9364,0.4682
0,0.9464,0.4732
0,0,0
0,0.9391,0.4696
0,0.9469,0.4735
0,0.9564,0.4782
0,0.9625,0.4813
0,0.9626,0.4813
0,0.9645,0.4823
0,0.9648,0.4824
0,0.9653,0.4827
0,0.9691,0.4846
0,0.9685,0.4843
0,0.9619,0.481
0,0.9599,0.48
0,0.9665,0.4833
0,0.9688,0.4844
0,0.9658,0.4829
0,0.9733,0.4867
0,0.9778,0.4889
0,0.9685,0.4843
0,0.9681,0.4841
0,0.9542,0.4771
0,0.9482,0.4741
0,0.9596,0.4798
0,0.9658,0.4829
0,0.9692,0.4846
0,0.9749,0.4875
0,0.9817,0.4909
0,0.9856,0.4928
0,0.9869,0.4935
0,0.9888,0.4944
0,0.9922,0.4961
0,0.9941,0.4971
0,1.0006,0.5003
0,0.9986,0.4993
0,1.001,0.5005
0,1.0013,0.5007
0,0.9969,0.4985
0,0.9969,0.4985
0,0.9931,0.4966
0,1.0037,0.5019
0,1.0097,0.5049
0,1.0158,0.5079
0,1.0317,0.5159
0,1.0281,0.5141
0,1.0281,0.5141
0,1.0225,0.5113
0,1.0266,0.5133
0,1.0285,0.5143
0,1.0199,0.51
0,1.0181,0.5091
0,1.0579,0.529
0,1.0311,0.5156
0,1.0363,0.5182
0,1.026,0.513
0,1.0252,0.5126
0,1.016,0.508
0,1.016,0.508
0,1.0011,0.5006
0,1.0006,0.5003
0,0.995,0.4975
0,0.9754,0.4877
0,0.9684,0.4842
0,0.9614,0.4807
0,0.9562,0.4781
0,0.9633,0.4817
0,0.9453,0.4727
0,0.955,0.4775
0,0.9578,0.4789
0,0.9672,0.4836
0,0.9707,0.4854
0,0.9772,0.4886
0,0.9617,0.4809
0,0.957,0.4785
0,0.965,0.4825
0,0.9719,0.486
0,0.9696,0.4848
0,0.9589,0.4795
0,0.9377,0.4689
0,0.9275,0.4638
0,0.944,0.472
0,0.9206,0.4603
0,0.933,0.4665
0,0.9149,0.4575
0,0.9117,0.4559
0,0.9016,0.4508
0,0.9186,0.4593
0,0.933,0.4665
0,0.8962,0.4481
0,0.9065,0.4533
0,0.9121,0.4561
0,0.925,0.4625
0,0.9505,0.4753
0,0.9589,0.4795
0,0.9557,0.4779
0,0.9574,0.4787
0,0.9447,0.4724
0,0.9125,0.4563
0,0.9125,0.4563
0,0.9042,0.4521
0,0.8899,0.445
0,0.8585,0.4293
0,0.8366,0.4183
0,0.7901,0.3951
0,0.8002,0.4001
0,0.7594,0.3797
0,0.78,0.39
0,0.8129,0.4065
0,0.8097,0.4049
0,0.7721,0.3861
0,0.7931,0.3966
0,0.9856,0.4928
0,0.795,0.3975
0,0.7717,0.3859
0,0.7802,0.3901
0,0.7407,0.3704
0,0.7097,0.3549
0,0.7217,0.3609
0,0.7524,0.3762
0,0.7967,0.3984
0,0,0
0,0.7984,0.3992
0,0.7792,0.3896
0,0.8119,0.406
0,0.7876,0.3938
0,0.7825,0.3913
0,0.8031,0.4016
0,0.7851,0.3926
0,0.78,0.39
0,0.7576,0.3788
0,0.7723,0.3862
0,0.7632,0.3816
0,0.7616,0.3808
0,0.7669,0.3835
0,0.753,0.3765
0,0.7386,0.3693
0,0.7489,0.3745
0,0.7632,0.3816
0,0.7677,0.3839
0,0.7797,0.3899
0,0.7875,0.3938
0,0.7875,0.3938
0,0.773,0.3865
0,0.761,0.3805
0,0.772,0.386
0,0.7694,0.3847
0,0.7844,0.3922
0,0.7937,0.3969
0,0.7952,0.3976
0,0.7849,0.3925
0,0.8064,0.4032
0,0.8112,0.4056
0,0.8404,0.4202
0,0.8519,0.426
0,0.8394,0.4197
0,0.8398,0.4199
0,0.8368,0.4184
0,0.8388,0.4194
0,0.8508,0.4254
0,0.8521,0.4261
0,0.8552,0.4276
0,1.0368,0.5184
0,0.8757,0.4379
0,0.8747,0.4374
0,0.8944,0.4472
0,0.8768,0.4384
0,0.8867,0.4434
0,0.8648,0.4324
0,0.8472,0.4236
0,0,0
0,0.8309,0.4155
0,0.8443,0.4222
0,0.8487,0.4244
0,0.8396,0.4198
0,0.8237,0.4119
0,0.8375,0.4188
0,0.8204,0.4102
0,0.8308,0.4154
0,0.8549,0.4275
0,0.8525,0.4263
0,0.8483,0.4242
0,0.833,0.4165
0,0.8163,0.4082
0,0.823,0.4115
0,0.8303,0.4152
0,0.8446,0.4223
0,0.8616,0.4308
0,0,0
0,0.8862,0.4431
0,0.8657,0.4329
0,0.8681,0.4341
0,0.8758,0.4379
0,0.8605,0.4303
0,0.8503,0.4252
0,0.8625,0.4313
0,0.8687,0.4344
0,0.859,0.4295
0,0.8382,0.4191
0,0.8741,0.4371
0,0.8741,0.4371
0,0.8762,0.4381
0,0.8704,0.4352
0,0.859,0.4295
0,0.8698,0.4349
0,0.861,0.4305
0,0.8739,0.437
0,0.8711,0.4356
0,0.8753,0.4377
0,0.8774,0.4387
0,0.8783,0.4392
0,0.8982,0.4491
0,0.9077,0.4539
0,0.9072,0.4536
0,0.9095,0.4548
0,0.9412,0.4706
0,0.9595,0.4798
0,0.9681,0.4841
0,0.9749,0.4875
0,0.9627,0.4814
0,0.9704,0.4852
0,0.9726,0.4863
0,0.9433,0.4717
0,0.9575,0.4788
0,0.9585,0.4793
0,0.9849,0.4925
0,0.9982,0.4991
0,1,0.5
0,0.9971,0.4986
0,0.985,0.4925
0,0.9952,0.4976
0,0.9955,0.4978
0,1.008,0.504
0,1.0073,0.5037
0,1.0076,0.5038
0,0.9973,0.4987
0,0.9812,0.4906
0,0.9959,0.498
0,1.0046,0.5023
0,1.0162,0.5081
0,1.0136,0.5068
0,0.9952,0.4976
0,1.0137,0.5069
0,1.0427,0.5214
0,1.0466,0.5233
0,1.0537,0.5269
0,1.0572,0.5286
0,1.0727,0.5364
0,1.0774,0.5387
0,1.0925,0.5463
0,1.0896,0.5448
0,1.1006,0.5503
0,1.0762,0.5381
0,1.0831,0.5416
0,1.076,0.538
0,1.1097,0.5549
0,1.1092,0.5546
0,1.1113,0.5557
0,1.1166,0.5583
0,1.1157,0.5579
0,1.131,0.5655
0,1.1212,0.5606
0,1.1391,0.5696
0,1.1709,0.5855
0,1.1658,0.5829
0,1.191,0.5955
0,1.1709,0.5855
0,1.1697,0.5849
0,1.1414,0.5707
0,1.1577,0.5789
0,1.1816,0.5908
0,1.1767,0.5884
0,1.1913,0.5957
0,1.1745,0.5873
0,1.168,0.584
0,1.172,0.586
0,1.1704,0.5852
0,1.1842,0.5921
0,1.1753,0.5877
0,1.1556,0.5778
0,1.1769,0.5885
0,1.18,0.59
0,1.1865,0.5933
0,1.1848,0.5924
0,1.1977,0.5989
0,1.1851,0.5926
0,1.1804,0.5902
0,1.1674,0.5837
0,1.1757,0.5879
0,1.1597,0.5799
0,1.1549,0.5775
0,1.1486,0.5743
0,1.1431,0.5716
0,1.165,0.5825
0,1.1779,0.589
0,1.1826,0.5913
0,1.1858,0.5929
0,1.2032,0.6016
0,1.2062,0.6031
0,1.2069,0.6035
0,1.2143,0.6072
0,1.2108,0.6054
0,1.2164,0.6082
0,1.2414,0.6207
0,1.2219,0.611
0,1.2254,0.6127
0,1.2335,0.6168
0,1.2502,0.6251
0,1.2576,0.6288
0,1.2587,0.6294
0,1.2609,0.6305
0,1.2534,0.6267
0,1.2545,0.6273
0,1.2473,0.6237
0,1.221,0.6105
0,1.2506,0.6253
0,1.2523,0.6262
0,1.2197,0.6099
0,1.2286,0.6143
0,1.2195,0.6098
0,1.2343,0.6172
0,1.2336,0.6168
0,1.2448,0.6224
0,1.2437,0.6219
0,1.2414,0.6207
0,1.2302,0.6151
0,1.2462,0.6231
0,1.2416,0.6208
0,1.2403,0.6202
0,1.2269,0.6135
0,1.2388,0.6194
0,1.2441,0.6221
0,1.2655,0.6328
0,1.2735,0.6368
0,1.2683,0.6342
0,1.2688,0.6344
0,1.2739,0.637
0,1.2651,0.6326
0,1.2703,0.6352
0,1.2879,0.644
0,1.2917,0.6459
0,1.2784,0.6392
0,1.29,0.645
0,1.2901,0.6451
0,1.2846,0.6423
0,1.2782,0.6391
0,1.2839,0.642
0,1.286,0.643
0,1.2943,0.6472
0,1.2967,0.6484
0,1.2737,0.6369
0,1.2857,0.6429
0,1.3044,0.6522
0,1.3134,0.6567
0,1.3298,0.6649
0,1.3305,0.6653
0,1.3225,0.6613
0,1.3318,0.6659
0,1.3433,0.6717
0,1.3544,0.6772
0,1.3522,0.6761
0,1.3528,0.6764
0,1.3595,0.6798
0,1.362,0.681
0,1.3558,0.6779
0,1.3571,0.6786
0,1.3571,0.6786
0,1.3477,0.6739
0,1.3375,0.6688
0,1.3184,0.6592
0,1.3386,0.6693
0,1.3268,0.6634
0,1.3111,0.6556
0,1.3194,0.6597
0,1.3195,0.6598
0,1.3338,0.6669
0,1.3449,0.6725
0,1.3464,0.6732
0,1.3495,0.6748
0,1.3569,0.6785
0,1.3468,0.6734
0,1.3569,0.6785
0,1.352,0.676
0,1.3497,0.6749
0,1.3402,0.6701
0,1.3327,0.6664
0,1.3386,0.6693
0,1.3298,0.6649
0,1.3448,0.6724
0,1.3385,0.6693
0,1.3278,0.6639
0,1.3262,0.6631
0,1.3437,0.6719
0,1.3492,0.6746
0,1.3242,0.6621
0,1.3196,0.6598
0,1.3136,0.6568
0,1.3225,0.6613
0,1.323,0.6615
0,1.3187,0.6594
0,1.3161,0.6581
0,1.298,0.649
0,1.2882,0.6441
0,1.2875,0.6438
0,1.2805,0.6403
0,1.2738,0.6369
0,1.2655,0.6328
0,1.2742,0.6371
0,1.2865,0.6433
0,1.2889,0.6445
0,1.3007,0.6504
0,1.297,0.6485
0,1.3174,0.6587
0,1.317,0.6585
0,1.3284,0.6642
0,1.3198,0.6599
0,1.3401,0.6701
0,1.3392,0.6696
0,1.3318,0.6659
0,1.3436,0.6718
0,1.3358,0.6679
0,1.3295,0.6648
0,1.3324,0.6662
0,1.3133,0.6567
0,1.3094,0.6547
0,1.3033,0.6517
0,1.3,0.65
0,1.2871,0.6436
0,1.2906,0.6453
0,1.2965,0.6483
0,1.2817,0.6409
0,1.2686,0.6343
0,1.2671,0.6336
0,1.28,0.64
0,1.2668,0.6334
0,1.2456,0.6228
0,1.2486,0.6243
0,1.2544,0.6272
0,1.2603,0.6302
0,1.2785,0.6393
0,1.2795,0.6398
0,1.2767,0.6384
0,1.2897,0.6449
0,1.2967,0.6484
0,1.289,0.6445
0,1.2822,0.6411
0,1.2973,0.6487
0,1.3057,0.6529
0,1.2824,0.6412
0,1.2782,0.6391
0,1.2786,0.6393
0,1.296,0.648
0,1.2962,0.6481
0,1.3029,0.6515
0,1.2943,0.6472
0,1.2987,0.6494
0,1.3116,0.6558
0,1.3167,0.6584
0,1.3184,0.6592
0,1.32,0.66
0,1.3165,0.6583
0,1.3148,0.6574
0,1.322,0.661
0,1.3211,0.6606
0,1.323,0.6615
0,1.3097,0.6549
0,1.3154,0.6577
0,1.3167,0.6584
0,1.3108,0.6554
0,1.3023,0.6512
0,1.3095,0.6548
0,1.318,0.659
0,1.3116,0.6558
0,1.3159,0.658
0,1.3253,0.6627
0,1.3286,0.6643
0,1.3237,0.6619
0,1.3324,0.6662
0,1.3309,0.6655
0,1.3259,0.663
0,1.3361,0.6681
0,1.3381,0.6691
0,1.335,0.6675
0,1.3158,0.6579
0,1.3315,0.6658
0,1.3364,0.6682
0,1.3311,0.6656
0,1.3162,0.6581
0,1.3302,0.6651
0,1.322,0.661
0,1.3166,0.6583
0,1.3236,0.6618
0,1.3315,0.6658
0,1.3173,0.6587
0,1.3016,0.6508
0,1.2908,0.6454
0,1.2749,0.6375
0,1.2972,0.6486
0,1.2863,0.6432
0,1.2751,0.6376
0,1.2871,0.6436
0,1.2805,0.6403
0,1.2549,0.6275
0,1.2562,0.6281
0,1.2225,0.6113
0,1.1892,0.5946
0,1.177,0.5885
0,1.1907,0.5954
0,1.1825,0.5913
0,1.1947,0.5974
0,1.2213,0.6107
0,1.2122,0.6061
0,1.1867,0.5934
0,1.1921,0.5961
0,1.2128,0.6064
0,1.2107,0.6054
0,1.1645,0.5823
0,1.1706,0.5853
0,1.1817,0.5909
0,1.1983,0.5992
0,1.2075,0.6038
0,1.2244,0.6122
0,1.2208,0.6104
0,1.2365,0.6183
0,1.2334,0.6167
0,1.2444,0.6222
0,1.2664,0.6332
0,1.2577,0.6289
0,1.2463,0.6232
0,1.2469,0.6235
0,1.2391,0.6196
0,1.2497,0.6249
0,1.24,0.62
0,1.2258,0.6129
0,1.208,0.604
0,1.2117,0.6059
0,1.2187,0.6094
0,1.2184,0.6092
0,1.2593,0.6297
0,1.2603,0.6302
0,1.2558,0.6279
0,1.2547,0.6274
0,1.2759,0.638
0,1.2672,0.6336
0,1.2664,0.6332
0,1.2577,0.6289
0,1.2694,0.6347
0,1.2779,0.639
0,1.2759,0.638
0,1.2983,0.6492
0,1.2995,0.6498
0,1.3085,0.6543
0,1.2944,0.6472
0,1.3066,0.6533
0,1.2999,0.65
0,1.3201,0.6601
0,1.3148,0.6574
0,1.319,0.6595
0,1.3211,0.6606
0,1.325,0.6625
0,1.3264,0.6632
0,1.3171,0.6586
0,1.3035,0.6518
0,1.2945,0.6473
0,1.304,0.652
0,1.2927,0.6464
0,1.3031,0.6516
0,1.299,0.6495
0,1.2948,0.6474
0,1.2856,0.6428
0,1.2905,0.6453
0,1.2748,0.6374
0,1.2824,0.6412
0,1.2823,0.6412
0,1.2819,0.641
0,1.2963,0.6482
0,1.2842,0.6421
0,1.3013,0.6507
0,1.3111,0.6556
0,1.3129,0.6565
0,1.3237,0.6619
0,1.3143,0.6572
0,1.3231,0.6616
0,1.3301,0.6651
0,1.3461,0.6731
0,1.3474,0.6737
0,1.3544,0.6772
0,1.352,0.676
0,1.3664,0.6832
0,1.3666,0.6833
0,1.3764,0.6882
0,1.3733,0.6867
0,1.3724,0.6862
0,1.385,0.6925
0,1.3819,0.691
0,1.4001,0.7001
0,1.3954,0.6977
0,1.3942,0.6971
0,1.3937,0.6969
0,1.3809,0.6905
0,1.403,0.7015
0,1.4228,0.7114
0,1.4042,0.7021
0,1.4112,0.7056
0,1.407,0.7035
0,1.4224,0.7112
0,1.4383,0.7192
0,1.4331,0.7166
0,1.4128,0.7064
0,1.4233,0.7117
0,1.4095,0.7048
0,1.4183,0.7092
0,1.411,0.7055
0,1.4358,0.7179
0,1.4243,0.7122
0,1.3973,0.6987
0,1.4059,0.703
0,1.4012,0.7006
0,1.4256,0.7128
0,1.4359,0.718
0,1.4342,0.7171
0,1.448,0.724
0,1.4666,0.7333
0,1.4603,0.7302
0,1.455,0.7275
0,1.4491,0.7246
0,1.4472,0.7236
0,1.4221,0.7111
0,1.4234,0.7117
0,1.4059,0.703
0,1.4236,0.7118
0,1.4282,0.7141
0,1.4358,0.7179
0,1.4146,0.7073
0,1.4154,0.7077
0,1.4174,0.7087
0,1.4013,0.7007
0,1.4,0.7
0,1.3938,0.6969
0,1.3954,0.6977
0,1.4027,0.7014
0,1.4356,0.7178
0,1.44,0.72
0,1.4214,0.7107
0,1.4299,0.715
0,1.4314,0.7157
0,1.4305,0.7153
0,1.4477,0.7239
0,1.4454,0.7227
0,1.4377,0.7189
0,1.4433,0.7217
0,1.4457,0.7229
0,1.4564,0.7282
0,1.4611,0.7306
0,1.4692,0.7346
0,1.4704,0.7352
0,1.4866,0.7433
0,1.4927,0.7464
0,1.4924,0.7462
0,1.4805,0.7403
0,1.4738,0.7369
0,1.4703,0.7352
0,1.4613,0.7307
0,1.4617,0.7309
0,1.4484,0.7242
0,1.4589,0.7295
0,1.4621,0.7311
0,1.4726,0.7363
0,1.4621,0.7311
0,1.4712,0.7356
0,1.4852,0.7426
0,1.47,0.735
0,1.4606,0.7303
0,1.467,0.7335
0,1.4827,0.7414
0,1.4894,0.7447
0,1.4807,0.7404
0,1.4807,0.7404
0,1.4857,0.7429
0,1.5065,0.7533
0,1.5336,0.7668
0,1.5413,0.7707
0,1.5662,0.7831
0,1.5539,0.777
0,1.5655,0.7828
0,1.5559,0.778
0,1.5417,0.7709
0,1.5313,0.7657
0,1.5405,0.7703
0,1.5381,0.7691
0,1.5284,0.7642
0,1.5393,0.7697
0,1.5489,0.7745
0,1.5472,0.7736
0,1.5341,0.7671
0,1.5347,0.7674
0,1.5344,0.7672
0,1.5485,0.7743
0,1.5531,0.7766
0,1.5543,0.7772
0,1.5443,0.7722
0,1.5532,0.7766
0,1.5496,0.7748
0,1.5479,0.774
0,1.5433,0.7717
0,1.5356,0.7678
0,1.5302,0.7651
0,1.5442,0.7721
0,1.5238,0.7619
0,1.5223,0.7612
0,1.5067,0.7534
0,1.5196,0.7598
0,1.5447,0.7724
0,1.5473,0.7737
0,1.5474,0.7737
0,1.5582,0.7791
0,1.5693,0.7847
0,1.5817,0.7909
0,1.574,0.787
0,1.5846,0.7923
0,1.5871,0.7936
0,1.5887,0.7944
0,1.5968,0.7984
0,1.583,0.7915
0,1.5929,0.7965
0,1.6149,0.8075
0,1.6217,0.8109
0,1.6271,0.8136
0,1.6165,0.8083
0,1.6146,0.8073
0,1.6213,0.8107
0,1.6185,0.8093
0,1.6257,0.8129
0,1.6126,0.8063
0,1.6365,0.8183
0,1.6559,0.828
0,1.6502,0.8251
0,1.6661,0.8331
0,1.6803,0.8402
0,1.67,0.835
0,1.6619,0.831
0,1.6591,0.8296
0,1.6345,0.8173
0,1.6292,0.8146
0,1.6434,0.8217
0,1.6451,0.8226
0,1.6561,0.8281
0,1.6206,0.8103
0,1.6339,0.817
0,1.6129,0.8065
0,1.6154,0.8077
0,1.6167,0.8084
0,1.6199,0.81
0,1.6271,0.8136
0,1.6055,0.8028
0,1.6064,0.8032
0,1.6123,0.8062
0,1.6266,0.8133
0,1.6271,0.8136
0,1.6282,0.8141
0,1.6325,0.8163
0,1.618,0.809
0,1.6228,0.8114
0,1.6355,0.8178
0,1.6282,0.8141
0,1.6194,0.8097
0,1.6123,0.8062
0,1.6137,0.8069
0,1.6089,0.8045
0,1.6197,0.8099
0,1.63,0.815
0,1.6063,0.8032
0,1.6034,0.8017
0,1.6016,0.8008
0,1.612,0.806
0,1.6148,0.8074
0,1.6045,0.8023
0,1.6014,0.8007
0,1.592,0.796
0,1.5934,0.7967
0,1.6102,0.8051
0,1.6344,0.8172
0,1.6342,0.8171
0,1.6277,0.8139
0,1.6271,0.8136
0,1.6346,0.8173
0,1.6417,0.8209
0,1.631,0.8155
0,1.6129,0.8065
0,1.6263,0.8132
0,1.6369,0.8185
0,1.6215,0.8108
0,1.6184,0.8092
0,1.625,0.8125
0,1.637,0.8185
0,1.6321,0.8161
0,1.6507,0.8254
0,1.6476,0.8238
0,1.6648,0.8324
0,1.686,0.843
0,1.6856,0.8428
0,1.6678,0.8339
0,1.6825,0.8413
0,1.6572,0.8286
0,1.64,0.82
0,1.6225,0.8113
0,1.5932,0.7966
0,1.5768,0.7884
0,1.549,0.7745
0,1.5751,0.7876
0,1.5666,0.7833
0,1.5687,0.7844
0,1.588,0.794
0,1.5869,0.7935
0,1.6014,0.8007
0,1.599,0.7995
0,1.5837,0.7919
0,1.5901,0.7951
0,1.6066,0.8033
0,1.6003,0.8002
0,1.6012,0.8006
0,1.6036,0.8018
0,1.6229,0.8115
0,1.627,0.8135
0,1.636,0.818
0,1.6329,0.8165
0,1.6175,0.8088
0,1.6225,0.8113
0,1.6222,0.8111
0,1.6218,0.8109
0,1.6246,0.8123
0,1.5763,0.7882
0,1.5812,0.7906
0,1.5697,0.7849
0,1.5725,0.7863
0,1.588,0.794
0,1.5844,0.7922
0,1.582,0.791
0,1.5368,0.7684
0,1.5171,0.7586
0,1.503,0.7515
0,1.5289,0.7645
0,1.5362,0.7681
0,1.5286,0.7643
0,1.5096,0.7548
0,1.4966,0.7483
0,1.4671,0.7336
0,1.4879,0.744
0,1.5104,0.7552
0,1.5252,0.7626
0,1.5348,0.7674
0,1.5492,0.7746
0,1.5732,0.7866
0,1.5977,0.7989
0,1.5945,0.7973
0,1.6198,0.8099
0,1.5884,0.7942
0,1.619,0.8095
0,1.5971,0.7986
0,1.6056,0.8028
0,1.6334,0.8167
0,1.6525,0.8263
0,1.6319,0.816
0,1.5783,0.7892
0,1.6792,0.8396
0,1.6639,0.832
0,1.6343,0.8172
0,1.6375,0.8188
0,1.6098,0.8049
0,1.6367,0.8184
0,1.6205,0.8103
0,1.6252,0.8126
0,1.5893,0.7947
0,1.597,0.7985
0,1.6199,0.81
0,1.6047,0.8024
0,1.5933,0.7967
0,1.5925,0.7963
0,1.5762,0.7881
0,1.5663,0.7832
0,1.5558,0.7779
0,1.5452,0.7726
0,1.5416,0.7708
0,1.536,0.768
0,1.5575,0.7788
0,1.5768,0.7884
0,1.578,0.789
0,1.6266,0.8133
0,0,0
0,1.6292,0.8146
0,1.6196,0.8098
0,1.6377,0.8189
0,1.6351,0.8176
0,1.6053,0.8027
0,1.6153,0.8077
0,1.616,0.808
0,1.6067,0.8034
0,1.5901,0.7951
0,1.6038,0.8019
0,1.5913,0.7957
0,1.5935,0.7968
0,1.6331,0.8166
0,1.6201,0.8101
0,1.6296,0.8148
0,1.6275,0.8138
1.5802,1.6186,1.5994
1.5902,1.629,1.6096
0,1.6518,0.8259
0,1.6615,0.8308
0,1.6576,0.8288
0,1.6444,0.8222
0,1.6402,0.8201
0,1.6569,0.8285
0,1.6573,0.8287
0,1.6573,0.8287
0,1.6673,0.8337
1.6182,1.6588,1.6385
1.6361,1.6759,1.656
1.6343,1.6742,1.6543
1.6364,1.6786,1.6575
1.6462,1.6865,1.6664
1.6751,1.711,1.6931
1.6835,1.7227,1.7031
1.7349,1.7744,1.7547
1.7584,1.7963,1.7774
1.7546,1.791,1.7728
1.7432,1.7794,1.7613
1.7527,1.7889,1.7708
1.7477,1.7842,1.766
1.7663,1.8033,1.7848
1.7605,1.7981,1.7793
1.7656,1.8038,1.7847
1.7759,1.8148,1.7954
1.7819,1.8205,1.8012
1.7796,1.8184,1.799
1.7796,1.8184,1.799
1.7733,1.812,1.7927
1.7616,1.7999,1.7808
1.7741,1.814,1.7941
1.7634,1.8036,1.7835
1.7847,1.823,1.8039
1.7816,1.8198,1.8007
1.7768,1.8168,1.7968
1.7714,1.8095,1.7905
1.7693,1.8093,1.7893
1.7802,1.8205,1.8004
1.7709,1.8109,1.7909
1.79,1.8299,1.81
1.7956,1.835,1.8153
1.7831,1.8227,1.8029
1.7889,1.8291,1.809
1.7811,1.8202,1.8007
1.7565,1.7945,1.7755
1.7652,1.8039,1.7846
1.7718,1.8101,1.791
1.7551,1.7945,1.7748
1.7603,1.7986,1.7795
1.7547,1.7907,1.7727
1.7532,1.7912,1.7722
1.7653,1.8022,1.7838
1.7801,1.8168,1.7985
1.7755,1.814,1.7948
1.7752,1.813,1.7941
1.7633,1.7987,1.781
1.7699,1.8068,1.7884
1.7758,1.813,1.7944
1.7904,1.8271,1.8088
1.7851,1.8212,1.8032
1.7767,1.8138,1.7953
1.782,1.8195,1.8008
1.7837,1.8214,1.8026
1.7821,1.819,1.8006
1.7619,1.7988,1.7804
1.7699,1.8017,1.7858
1.7685,1.8057,1.7871
1.7691,1.8072,1.7882
1.7924,1.8299,1.8112
1.7989,1.8338,1.8164
1.793,1.8285,1.8108
1.7951,1.8325,1.8138
1.8058,1.8436,1.8247
1.8037,1.8433,1.8235
1.8002,1.8409,1.8206
1.8039,1.8451,1.8245
1.8015,1.8412,1.8214
1.818,1.8611,1.8396
1.833,1.8746,1.8538
1.8318,1.8734,1.8526
1.8534,1.8985,1.876
1.834,1.8753,1.8547
1.8358,1.8681,1.852
1.8195,1.8598,1.8397
1.8051,1.8467,1.8259
1.8137,1.8909,1.8523
1.8033,1.8493,1.8263
1.8145,1.8582,1.8364
1.8036,1.8489,1.8263
1.8001,1.8444,1.8223
1.8056,1.851,1.8283
1.7914,1.8349,1.8132
1.8009,1.8485,1.8247
1.7862,1.8321,1.8092
1.7904,1.838,1.8142
1.8104,1.8576,1.834
1.7842,1.8306,1.8074
1.7843,1.8296,1.807
1.812,1.8582,1.8351
1.8147,1.8605,1.8376
1.8006,1.8414,1.821
1.7953,1.8366,1.816
1.798,1.8376,1.8178
1.7893,1.8282,1.8088
1.8114,1.8509,1.8312
1.8267,1.8663,1.8465
1.8438,1.8857,1.8648
1.8307,1.871,1.8509
1.8481,1.8884,1.8683
1.8363,1.877,1.8567
1.8511,1.8925,1.8718
0,0,0
1.8604,1.8991,1.8798
1.8854,1.9238,1.9046
1.8971,1.9344,1.9158
1.9116,1.9502,1.9309
1.9059,1.9441,1.925
1.8788,1.9171,1.898
1.8829,1.9193,1.9011
1.8794,1.915,1.8972
1.887,1.9263,1.9067
1.9006,1.9399,1.9203
1.9141,1.9529,1.9335
1.9316,1.9709,1.9513
1.9376,1.9772,1.9574
1.936,1.9786,1.9573
1.936,1.9768,1.9564
1.9241,1.9651,1.9446
1.9228,1.9636,1.9432
1.9312,1.9711,1.9512
1.9196,1.9612,1.9404
1.9216,1.9623,1.942
1.935,1.9766,1.9558
1.9533,1.9912,1.9723
1.9569,1.9949,1.9759
1.9781,2.0155,1.9968
1.9804,2.0189,1.9997
1.9595,1.9978,1.9787
1.956,1.9939,1.975
1.9518,1.988,1.9699
1.9696,2.0067,1.9882
1.9854,2.023,2.0042
1.9928,2.0314,2.0121
2.0054,2.0413,2.0234
2.0067,2.0444,2.0256
2.0019,2.0383,2.0201
2.0032,2.0395,2.0214
2.0114,2.0486,2.03
2.023,2.0597,2.0414
2.0162,2.0531,2.0347
2.0199,2.0572,2.0386
2.0138,2.0499,2.0319
2.0132,2.052,2.0326
1.999,2.0361,2.0176
2.0025,2.0389,2.0207
1.9957,2.0313,2.0135
2.0068,2.0441,2.0255
1.9969,2.0317,2.0143
2.01,2.0457,2.0279
1.9856,2.0218,2.0037
1.9853,2.0207,2.003
1.9784,2.0159,1.9972
1.9742,2.0108,1.9925
1.9725,2.0029,1.9877
"19,682.00",1.9989,"9,842.00"
1.9575,1.9868,1.9722
1.9595,1.9889,1.9742
1.9412,1.9715,1.9564
1.9549,1.9848,1.9699
1.9698,2.0011,1.9855
1.9675,1.9992,1.9834
1.9675,1.9976,1.9826
1.9836,2.0179,2.0008
1.972,2.0078,1.9899
1.9943,2.031,2.0127
1.986,2.0216,2.0038
1.9635,2.0011,1.9823
1.9671,2.0025,1.9848
1.9576,1.9926,1.9751
1.9627,2.0013,1.982
1.9666,2.0027,1.9847
1.9533,1.9897,1.9715
1.9608,1.9989,1.9799
1.9686,2.0073,1.988
1.9511,1.9877,1.9694
1.9365,1.9732,1.9549
1.9201,1.9561,1.9381
1.9243,1.9611,1.9427
1.9278,1.9656,1.9467
1.9126,1.9487,1.9307
1.9215,1.9579,1.9397
1.9216,1.9572,1.9394
1.9269,1.9629,1.9449
1.928,1.9633,1.9457
1.9186,1.9538,1.9362
1.9294,1.9649,1.9472
1.9361,1.9709,1.9535
1.9461,1.9831,1.9646
1.9447,1.9801,1.9624
1.9307,1.964,1.9474
1.9307,1.964,1.9474
1.9287,1.9609,1.9448
1.9391,1.9713,1.9552
1.935,1.9659,1.9505
1.9342,1.9668,1.9505
1.9345,1.9663,1.9504
1.9315,1.9625,1.947
1.9407,1.9702,1.9555
1.9333,1.9668,1.9501
1.9452,1.9766,1.9609
1.9503,1.9794,1.9649
1.9386,1.9687,1.9537
1.9401,1.9681,1.9541
1.9407,1.9678,1.9543
1.9331,1.9697,1.9514
1.9415,1.9772,1.9594
1.9247,1.9595,1.9421
1.9174,1.9525,1.935
1.9266,1.9629,1.9448
1.9337,1.9691,1.9514
1.9243,1.9608,1.9426
1.9316,1.9685,1.9501
1.9379,1.9729,1.9554
1.9471,1.984,1.9656
1.9529,1.9883,1.9706
1.9489,1.9848,1.9669
1.9517,1.9882,1.97
1.9511,1.9869,1.969
1.9458,1.9802,1.963
1.952,1.9874,1.9697
1.9563,1.9914,1.9739
1.9518,1.987,1.9694
1.9551,1.9895,1.9723
1.9554,1.9904,1.9729
1.9667,2.0009,1.9838
1.9705,2.0071,1.9888
1.9692,2.0039,1.9866
1.9658,2.0013,1.9836
1.9672,2.0022,1.9847
1.9666,2.0019,1.9843
1.9603,1.994,1.9772
1.9531,1.9882,1.9707
1.945,1.9798,1.9624
1.9362,1.971,1.9536
1.9384,1.9747,1.9566
1.9398,1.9751,1.9575
1.9565,1.9933,1.9749
1.9629,1.9996,1.9813
1.9534,1.9895,1.9715
1.9614,1.9973,1.9794
1.961,1.9963,1.9787
1.9681,2.0036,1.9859
1.9772,2.0127,1.995
1.9778,2.013,1.9954
1.975,2.0096,1.9923
1.9925,1.9966,1.9946
2.0036,2.0086,2.0061
1.9939,1.9979,1.9959
1.9996,2.0035,2.0016
2.0018,2.006,2.0039
2.0094,2.0136,2.0115
2.0079,2.0123,2.0101
2.0039,2.0076,2.0058
1.991,1.995,1.993
1.982,1.988,1.985
1.9885,1.9933,1.9909
1.986,1.9906,1.9883
1.9719,1.9767,1.9743
1.9773,1.9813,1.9793
1.9808,1.9851,1.983
1.9823,1.987,1.9847
1.9688,1.9724,1.9706
1.9661,1.9707,1.9684
1.9615,1.9656,1.9636
1.9615,1.9661,1.9638
1.9498,1.9544,1.9521
1.9664,1.9711,1.9688
1.9653,1.9701,1.9677
1.97,1.9741,1.9721
1.9574,1.9617,1.9596
1.9639,1.9681,1.966
1.9648,1.9693,1.9671
1.9505,1.9554,1.953
1.9593,1.9631,1.9612
1.9589,1.9629,1.9609
1.957,1.9616,1.9593
1.9507,1.9548,1.9528
1.9609,1.9655,1.9632
1.954,1.9587,1.9564
1.9304,1.935,1.9327
1.9644,1.9682,1.9663
1.9591,1.9634,1.9613
1.9655,1.97,1.9678
1.9523,1.9561,1.9542
1.9636,1.9678,1.9657
1.9775,1.9807,1.9791
1.9811,1.9855,1.9833
2.0005,2.0049,2.0027
2.0096,2.0136,2.0116
2.0036,2.0072,2.0054
1.9959,2.0011,1.9985
2.003,2.0065,2.0048
2.0168,2.0211,2.019
2.014,2.0175,2.0158
2.0189,2.0226,2.0208
2.0268,2.0309,2.0289
2.0223,2.0267,2.0245
2.0185,2.022,2.0203
2.0263,2.0298,2.0281
2.0324,2.0359,2.0342
2.008,2.0124,2.0102
2.0149,2.0192,2.0171
2.0048,2.0087,2.0068
2.0352,2.0404,2.0378
2.0426,2.0468,2.0447
2.0531,2.0566,2.0549
2.0275,2.0316,2.0296
2.0129,2.0173,2.0151
2.0166,2.0204,2.0185
1.9936,1.998,1.9958
2.0049,2.0087,2.0068
1.9997,2.0043,2.002
1.9952,1.9986,1.9969
1.9968,2.0012,1.999
2.0057,2.0098,2.0078
2.0191,2.0231,2.0211
2.024,2.0286,2.0263
2.035,2.0386,2.0368
2.0214,2.0332,2.0273
2.0051,2.0082,2.0067
2.0103,2.0134,2.0119
1.9918,1.9949,1.9934
2.001,2.0053,2.0032
1.9971,2.001,1.9991
2.0144,2.0184,2.0164
1.9582,1.9616,1.9599
1.9449,1.9481,1.9465
1.9202,1.9245,1.9224
1.9135,1.9168,1.9152
1.9196,1.9242,1.9219
1.9083,1.9127,1.9105
1.9255,1.9298,1.9277
1.9174,1.9207,1.9191
1.9035,1.907,1.9053
1.9247,1.9279,1.9263
1.9153,1.9193,1.9173
1.8931,1.896,1.8946
1.8964,1.8993,1.8979
1.9058,1.9103,1.9081
1.9037,1.9079,1.9058
1.9239,1.927,1.9255
1.9033,1.9072,1.9053
1.8794,1.8827,1.8811
1.8855,1.8894,1.8875
1.878,1.8815,1.8798
1.8693,1.8722,1.8708
1.8686,1.872,1.8703
1.885,1.8896,1.8873
1.9039,1.9078,1.9059
1.9037,1.907,1.9054
1.8882,1.8914,1.8898
1.8984,1.9017,1.9001
1.8883,1.8927,1.8905
1.8346,1.8389,1.8368
1.8273,1.832,1.8297
1.8499,1.8531,1.8515
1.8378,1.8408,1.8393
1.8454,1.8485,1.847
1.8429,1.8462,1.8446
1.8205,1.8238,1.8222
1.8183,1.8212,1.8198
1.8196,1.8227,1.8212
1.8196,1.8227,1.8212
1.8013,1.805,1.8032
1.8139,1.8166,1.8153
1.8229,1.8264,1.8247
1.8194,1.8234,1.8214
1.818,1.8215,1.8198
1.8025,1.8062,1.8044
1.808,1.8122,1.8101
1.8346,1.8375,1.8361
1.8314,1.8351,1.8333
1.8215,1.8246,1.8231
1.8284,1.8325,1.8305
1.8399,1.8437,1.8418
1.8435,1.8469,1.8452
1.8291,1.8329,1.831
1.8249,1.8285,1.8267
1.8369,1.8406,1.8388
1.8312,1.8343,1.8328
1.8023,1.8062,1.8043
1.7805,1.7846,1.7826
1.7768,1.7819,1.7794
1.79,1.7935,1.7918
1.7734,1.7777,1.7756
1.8095,1.8132,1.8114
1.7948,1.7979,1.7964
1.8291,1.8327,1.8309
1.8258,1.8298,1.8278
1.8123,1.8164,1.8144
1.8215,1.8262,1.8239
1.8091,1.8129,1.811
1.8322,1.8361,1.8342
1.8216,1.8254,1.8235
1.81,1.8131,1.8116
1.7977,1.8008,1.7993
1.7984,1.8024,1.8004
1.8011,1.8047,1.8029
1.8018,1.8057,1.8038
1.7889,1.7915,1.7902
1.784,1.787,1.7855
1.7793,1.7832,1.7813
1.776,1.7794,1.7777
1.7903,1.7944,1.7924
1.8086,1.812,1.8103
1.8324,1.8362,1.8343
1.8206,1.8246,1.8226
1.8352,1.8384,1.8368
1.8395,1.8429,1.8412
1.8548,1.8583,1.8566
1.8588,1.8623,1.8606
1.8498,1.8531,1.8515
1.8443,1.8476,1.846
1.8653,1.8691,1.8672
1.8681,1.8719,1.87
1.8681,1.8722,1.8702
1.8873,1.8905,1.8889
1.8759,1.8801,1.878
1.8762,1.8801,1.8782
1.8728,1.8767,1.8748
1.8673,1.8708,1.8691
1.8618,1.8653,1.8636
1.8653,1.8685,1.8669
1.8746,1.8778,1.8762
1.8709,1.8744,1.8727
1.8737,1.8769,1.8753
1.8873,1.9685,1.9279
1.8853,1.8886,1.887
1.8839,1.8874,1.8857
1.8828,1.8867,1.8848
0,0,0
1.8918,1.8959,1.8939
1.8927,1.8958,1.8943
1.9031,1.907,1.9051
1.9263,1.9295,1.9279
1.9323,1.9357,1.934
1.9323,1.9356,1.934
1.9454,1.9486,1.947
1.9321,1.9356,1.9339
1.933,1.9363,1.9347
1.9262,1.9298,1.928
1.926,1.9298,1.9279
1.9163,1.9201,1.9182
1.9202,1.9239,1.9221
1.9211,1.9251,1.9231
1.9205,1.924,1.9223
1.9371,1.94,1.9386
1.9426,1.9463,1.9445
1.947,1.9502,1.9486
1.939,1.9436,1.9413
1.9238,1.9282,1.926
1.9201,1.9229,1.9215
1.9224,1.9252,1.9238
1.914,1.9168,1.9154
1.919,1.9226,1.9208
1.9311,1.9347,1.9329
1.9397,1.9426,1.9412
1.9453,1.9482,1.9468
1.9407,1.9435,1.9421
1.9149,1.919,1.917
1.899,1.9023,1.9007
1.8988,1.9024,1.9006
1.8955,1.899,1.8973
1.8901,1.8939,1.892
1.8912,1.8944,1.8928
1.9044,1.9085,1.9065
1.9008,1.9035,1.9022
1.906,1.9099,1.908
1.8838,1.8872,1.8855
1.8871,1.891,1.8891
1.897,1.9013,1.8992
1.9104,1.914,1.9122
1.8918,1.8953,1.8936
1.8638,1.8676,1.8657
1.8691,1.8725,1.8708
1.8718,1.8749,1.8734
1.8563,1.8594,1.8579
1.8658,1.8698,1.8678
1.8657,1.8692,1.8675
1.9036,1.9072,1.9054
1.9264,1.9299,1.9282
1.9245,1.9277,1.9261
1.9171,1.9213,1.9192
1.9269,1.9304,1.9287
1.974,1.9772,1.9756
1.9712,1.9747,1.973
2.0115,2.0155,2.0135
2.0079,2.011,2.0095
2.0039,2.0085,2.0062
2.0084,2.013,2.0107
2.0116,2.0154,2.0135
2.0319,2.0357,2.0338
2.0528,2.056,2.0544
2.0579,2.0611,2.0595
2.0435,2.0471,2.0453
2.02,2.0227,2.0214
2.0151,2.0178,2.0165
2.0199,2.0226,2.0213
2.0238,2.0272,2.0255
2.0485,2.052,2.0503
2.0319,2.0359,2.0339
2.0238,2.0274,2.0256
2.0305,2.0337,2.0321
2.0383,2.0413,2.0398
2.0858,2.0912,2.0885
2.1003,2.1069,2.1036
2.0923,2.0985,2.0954
2.108,2.1142,2.1111
2.1285,2.1518,2.1402
2.1312,2.1548,2.143
2.1454,2.1694,2.1574
2.1486,2.1718,2.1602
2.1592,2.1633,2.1613
2.1849,2.189,2.187
2.1978,2.2014,2.1996
2.1448,2.1877,2.1663
2.1954,2.1988,2.1971
2.1972,2.2011,2.1992
2.2022,2.2061,2.2042
2.2054,2.2095,2.2075
2.2048,2.2084,2.2066
2.242,2.2453,2.2437
2.2561,2.2595,2.2578
2.2605,2.2652,2.2629
2.2532,2.2565,2.2549
2.2605,2.2638,2.2622
2.2553,2.2597,2.2575
2.254,2.2582,2.2561
2.2603,2.2642,2.2623
2.2691,2.274,2.2716
2.3005,2.3049,2.3027
2.2907,2.2941,2.2924
2.2942,2.2986,2.2964
2.284,2.2886,2.2863
2.3107,2.3146,2.3127
2.3136,2.3172,2.3154
2.3338,2.3375,2.3357
2.3318,2.3359,2.3339
2.3499,2.3539,2.3519
2.3662,2.3695,2.3679
2.3841,2.3872,2.3857
2.4098,2.4132,2.4115
2.4171,2.4224,2.4198
2.4436,2.4482,2.4459
2.4716,2.4755,2.4736
2.4729,2.478,2.4755
2.4899,2.4937,2.4918
2.4853,2.4891,2.4872
2.4907,2.4957,2.4932
2.4839,2.4875,2.4857
2.5009,2.5048,2.5029
2.4973,2.5009,2.4991
2.5311,2.5355,2.5333
2.5371,2.5416,2.5394
2.5864,2.5909,2.5887
2.5799,2.5841,2.582
2.5844,2.5875,2.586
2.5646,2.5694,2.567
2.585,2.5899,2.5875
2.5842,2.5879,2.5861
2.5954,2.6003,2.5979
2.576,2.5803,2.5782
2.5774,2.5809,2.5792
2.578,2.5815,2.5798
2.5794,2.5831,2.5813
2.587,2.5908,2.5889
2.591,2.5962,2.5936
2.5873,2.5917,2.5895
2.6052,2.6084,2.6068
2.6298,2.6337,2.6318
2.6436,2.6497,2.6467
2.6694,2.6731,2.6713
2.6632,2.6676,2.6654
2.6681,2.6718,2.67
2.6827,2.6872,2.685
2.6966,2.7003,2.6985
2.6893,2.6947,2.692
2.6953,2.6988,2.6971
2.6913,2.695,2.6932
2.6682,2.6721,2.6702
2.6567,2.6608,2.6588
2.6603,2.6639,2.6621
2.6601,2.6642,2.6622
2.661,2.6652,2.6631
2.6634,2.6676,2.6655
2.6866,2.6916,2.6891
2.6909,2.6949,2.6929
2.6743,2.6783,2.6763
2.6985,2.703,2.7008
2.7146,2.7189,2.7168
2.7457,2.7497,2.7477
2.7652,2.7693,2.7673
2.7714,2.7755,2.7735
2.7897,2.7942,2.792
2.8006,2.8048,2.8027
2.8163,2.8204,2.8184
2.8107,2.8163,2.8135
2.8257,2.8309,2.8283
2.8075,2.8119,2.8097
2.8101,2.8144,2.8123
2.8847,2.8895,2.8871
2.8448,2.8491,2.847
2.8281,2.8318,2.83
2.815,2.8201,2.8176
2.816,2.8208,2.8184
2.8192,2.8235,2.8214
2.8237,2.8283,2.826
2.8235,2.8279,2.8257
2.8386,2.8417,2.8402
2.8141,2.8177,2.8159
2.8141,2.8187,2.8164
2.82,2.8242,2.8221
2.8402,2.8445,2.8424
2.8391,2.8429,2.841
2.8347,2.8386,2.8367
2.8331,2.8385,2.8358
2.8374,2.8425,2.84
2.8354,2.8392,2.8373
2.8379,2.8419,2.8399
2.8413,2.8455,2.8434
2.8441,2.8484,2.8463
2.8403,2.845,2.8427
2.8466,2.85,2.8483
2.863,2.8671,2.8651
2.8565,2.8619,2.8592
2.8526,2.8562,2.8544
2.8441,2.8483,2.8462
2.8254,2.8306,2.828
2.8178,2.8225,2.8202
2.8275,2.8313,2.8294
2.8278,2.8318,2.8298
2.822,2.8254,2.8237
2.8265,2.8308,2.8287
2.8113,2.8153,2.8133
2.8132,2.8176,2.8154
2.8088,2.812,2.8104
2.8106,2.8157,2.8132
2.8224,2.8262,2.8243
2.8241,2.8289,2.8265
2.8221,2.8263,2.8242
2.8246,2.8296,2.8271
2.8218,2.8271,2.8245
2.8463,2.8521,2.8492
2.8456,2.8519,2.8488
2.9111,2.9168,2.914
2.9116,2.9155,2.9136
2.9192,2.923,2.9211
2.9222,2.9271,2.9247
2.9289,2.9335,2.9312
2.9267,2.9299,2.9283
2.9249,2.9289,2.9269
2.9426,2.9476,2.9451
2.9653,2.9686,2.967
2.987,2.9901,2.9886
2.9879,2.9917,2.9898
2.9682,2.9728,2.9705
2.9464,2.9502,2.9483
2.9234,2.9271,2.9253
2.91,2.9135,2.9118
2.8896,2.8942,2.8919
2.8836,2.8877,2.8857
2.8835,2.8884,2.886
2.8931,2.8974,2.8953
2.8732,2.8769,2.8751
2.8588,2.8639,2.8614
2.8273,2.8325,2.8299
2.8396,2.8442,2.8419
2.8118,2.8167,2.8143
2.8041,2.8085,2.8063
2.7905,2.7938,2.7922
2.7961,2.8008,2.7985
2.784,2.7871,2.7856
2.8027,2.8058,2.8043
2.7687,2.7725,2.7706
2.8152,2.8192,2.8172
2.795,2.8,2.7975
2.8127,2.8163,2.8145
2.7856,2.7895,2.7876
2.7946,2.7983,2.7965
2.7853,2.791,2.7882
2.8059,2.8097,2.8078
2.7992,2.8032,2.8012
2.7961,2.8001,2.7981
2.8048,2.8085,2.8067
2.8105,2.8154,2.813
2.8142,2.8177,2.816
2.7978,2.8018,2.7998
2.8107,2.8152,2.813
2.8113,2.815,2.8132
2.8253,2.8302,2.8278
2.8402,2.8451,2.8427
2.8127,2.8175,2.8151
2.8027,2.8091,2.8059
2.7792,2.7832,2.7812
2.7844,2.7889,2.7867
2.743,2.7469,2.745
2.7495,2.7532,2.7514
2.7547,2.7602,2.7575
2.7619,2.7655,2.7637
2.7623,2.7661,2.7642
2.7914,2.7948,2.7931
2.794,2.7979,2.796
2.773,2.7772,2.7751
2.7837,2.7884,2.7861
2.7876,2.7933,2.7905
2.7576,2.7617,2.7597
2.7531,2.7573,2.7552
2.7762,2.7802,2.7782
2.7532,2.7579,2.7556
2.7251,2.7282,2.7267
2.7222,2.7267,2.7245
2.7335,2.738,2.7358
2.7167,2.7207,2.7187
2.7195,2.7244,2.722
2.696,2.7001,2.6981
2.689,2.6935,2.6913
2.6768,2.6812,2.679
2.6522,2.6564,2.6543
2.6602,2.6649,2.6626
2.6581,2.6624,2.6603
2.6411,2.6443,2.6427
2.6364,2.6406,2.6385
2.6225,2.6261,2.6243
2.6283,2.6322,2.6303
2.6141,2.6174,2.6158
2.6152,2.6194,2.6173
2.6106,2.6153,2.613
2.602,2.606,2.604
2.5891,2.5927,2.5909
2.5936,2.5976,2.5956
2.6029,2.6081,2.6055
2.6192,2.6243,2.6218
2.6135,2.6172,2.6154
2.5927,2.5982,2.5955
2.5886,2.5932,2.5909
2.6069,2.6117,2.6093
2.5817,2.5857,2.5837
2.5883,2.6111,2.5997
2.6229,2.6273,2.6251
2.6157,2.62,2.6179
2.6171,2.6213,2.6192
2.619,2.6241,2.6216
2.6405,2.6458,2.6432
2.6321,2.6376,2.6349
2.6451,2.6498,2.6475
2.6363,2.6406,2.6385
2.6377,2.6424,2.6401
2.6164,2.622,2.6192
2.557,2.562,2.5595
2.5534,2.5597,2.5566
2.5735,2.5776,2.5756
2.5704,2.5736,2.572
2.5146,2.5202,2.5174
2.5106,2.5147,2.5127
2.539,2.5443,2.5417
2.5165,2.5217,2.5191
2.5377,2.5454,2.5416
2.5549,2.5587,2.5568
2.5658,2.571,2.5684
2.6148,2.6211,2.618
2.603,2.6076,2.6053
2.5785,2.584,2.5813
2.5916,2.5963,2.594
2.6296,2.6347,2.6322
2.6311,2.6365,2.6338
2.648,2.6529,2.6505
2.6459,2.6504,2.6482
2.6464,2.6506,2.6485
2.6717,2.6768,2.6743
2.6813,2.6862,2.6838
2.6777,2.6821,2.6799
2.7287,2.7327,2.7307
2.7165,2.7268,2.7217
2.709,2.7139,2.7115
2.6975,2.7026,2.7001
2.7265,2.7317,2.7291
2.7259,2.7305,2.7282
2.7279,3.7332,3.2306
2.7083,2.713,2.7107
2.701,2.7063,2.7037
2.6788,2.6832,2.681
2.7266,2.7322,2.7294
2.7009,2.7061,2.7035
2.7207,2.726,2.7234
2.7431,2.7492,2.7462
2.7525,2.7581,2.7553
2.772,2.7777,2.7749
2.8161,2.8223,2.8192
2.8949,2.8998,2.8974
2.9075,2.9135,2.9105
2.9039,2.9095,2.9067
2.9101,2.9168,2.9135
2.894,2.8992,2.8966
2.8615,2.8693,2.8654
2.8727,2.8782,2.8755
2.8738,2.8791,2.8765
2.8573,2.8634,2.8604
2.899,2.9046,2.9018
2.9378,2.9448,2.9413
2.9279,2.9324,2.9302
2.9263,2.9323,2.9293
2.8895,2.8959,2.8927
2.9112,2.9177,2.9145
2.892,2.8985,2.8953
2.9763,2.9823,2.9793
2.9629,2.9692,2.9661
2.9358,2.9407,2.9383
2.9632,2.9677,2.9655
2.9464,2.9513,2.9489
2.9687,2.9757,2.9722
3.0023,3.0068,3.0046
3.0136,3.0204,3.017
3.0709,3.0768,3.0739
3.0985,3.105,3.1018
3.0344,3.0414,3.0379
3.0232,3.0279,3.0256
3.0606,3.067,3.0638
3.0869,3.0917,3.0893
3.056,3.0617,3.0589
3.0524,3.0594,3.0559
3.0562,3.0632,3.0597
3.0843,3.0899,3.0871
3.1426,3.1496,3.1461
3.1402,3.1448,3.1425
3.1146,3.1217,3.1182
3.0899,3.0948,3.0924
3.062,3.0699,3.066
3.0712,3.078,3.0746
3.1007,3.1063,3.1035
3.0746,3.0804,3.0775
3.0683,3.0745,3.0714
3.0517,3.0578,3.0548
3.0464,3.0523,3.0494
3.0695,3.0758,3.0727
3.0727,3.08,3.0764
3.1365,3.1425,3.1395
3.1883,3.1954,3.1919
3.1393,3.1457,3.1425
3.1313,3.1381,3.1347
3.1355,3.1433,3.1394
3.1567,3.1639,3.1603
3.2068,3.2136,3.2102
3.2192,3.226,3.2226
3.2444,3.2488,3.2466
3.2763,3.2835,3.2799
3.2406,3.2475,3.2441
3.3197,3.3247,3.3222
3.3077,3.3152,3.3115
3.3091,3.3144,3.3118
3.3086,3.3156,3.3121
3.3054,3.3125,3.309
3.331,3.3377,3.3344
3.2977,3.3048,3.3013
3.3212,3.3263,3.3238
3.3405,3.3447,3.3426
3.1965,3.2016,3.1991
3.0199,3.0258,3.0229
2.9534,2.958,2.9557
2.817,2.8223,2.8197
2.7273,2.7333,2.7303
2.6368,2.6402,2.6385
2.5652,2.5697,2.5675
2.4698,2.4741,2.472
2.4641,2.4699,2.467
2.4408,2.4458,2.4433
2.4128,2.4168,2.4148
2.4043,2.408,2.4062
2.4247,2.4283,2.4265
2.4157,2.4206,2.4182
2.4211,2.4273,2.4242
2.3901,2.3963,2.3932
2.4546,2.4599,2.4573
2.494,2.4989,2.4965
2.4981,2.5035,2.5008
2.5116,2.5166,2.5141
2.5379,2.5443,2.5411
2.5824,2.5891,2.5858
2.6664,2.6709,2.6687
2.6983,2.7032,2.7008
2.7324,2.7372,2.7348
2.7751,2.7817,2.7784
2.7954,2.8022,2.7988
2.7638,2.7687,2.7663
2.8192,2.8251,2.8222
2.847,2.852,2.8495
2.8804,2.8861,2.8833
2.8951,2.9009,2.898
2.8874,2.8927,2.8901
2.8979,2.905,2.9015
2.9264,2.9321,2.9293
2.9475,2.9517,2.9496
2.9031,2.9085,2.9058
2.901,2.9065,2.9038
2.8855,2.8902,2.8879
2.9092,2.9138,2.9115
2.893,2.8997,2.8964
2.784,2.7895,2.7868
2.6592,2.6643,2.6618
2.6222,2.6277,2.625
2.5999,2.6056,2.6028
2.5631,2.5664,2.5648
2.5646,2.5693,2.567
2.6034,2.6093,2.6064
2.6086,2.6138,2.6112
2.6243,2.6295,2.6269
2.6274,2.6333,2.6304
2.7004,2.7046,2.7025
2.703,2.7097,2.7064
2.754,2.7598,2.7569
2.754,2.7595,2.7568
2.7763,2.783,2.7797
2.7065,2.712,2.7093
2.6684,2.6726,2.6705
2.6576,2.6629,2.6603
2.6427,2.6479,2.6453
2.6244,2.6304,2.6274
2.6153,2.6205,2.6179
2.6071,2.6118,2.6095
2.6159,2.6227,2.6193
2.626,2.6306,2.6283
2.6578,2.6631,2.6605
2.696,2.7008,2.6984
2.7084,2.7145,2.7115
2.7566,2.7634,2.76
2.7671,2.7717,2.7694
2.7416,2.7475,2.7446
2.7309,2.7362,2.7336
2.7418,2.7617,2.7518
2.7398,2.7443,2.7421
2.7581,2.7641,2.7611
2.7578,2.7644,2.7611
2.7423,2.7487,2.7455
2.7372,2.7432,2.7402
2.7316,2.7358,2.7337
2.7472,2.7538,2.7505
2.733,2.7386,2.7358
2.6959,2.7019,2.6989
2.677,2.6823,2.6797
2.6885,2.695,2.6918
2.7058,2.711,2.7084
2.7126,2.7176,2.7151
2.7144,2.7208,2.7176
2.7112,2.715,2.7131
2.6755,2.6818,2.6787
2.6689,2.6743,2.6716
2.6624,2.6679,2.6652
2.6732,2.6791,2.6762
2.694,2.6986,2.6963
2.6963,2.7014,2.6989
2.6787,2.6852,2.682
2.6959,2.7,2.698
2.689,2.6938,2.6914
2.7128,2.7184,2.7156
2.738,3.7446,3.2413
2.7216,2.7313,2.7265
2.7308,2.7352,2.733
2.7435,2.7482,2.7459
2.7405,2.7459,2.7432
2.7181,2.7234,2.7208
2.7436,2.7503,2.747
2.7634,2.7692,2.7663
2.7464,2.7699,2.7582
3.7679,3.7741,3.771
2.7563,2.7611,2.7587
2.7358,2.7399,2.7379
2.7353,2.7409,2.7381
2.7704,2.777,2.7737
2.734,2.7392,2.7366
2.7424,2.747,2.7447
2.7388,2.7438,2.7413
2.7313,2.7366,2.734
2.7009,2.707,2.704
2.7153,2.7207,2.718
2.7236,2.7299,2.7268
2.7443,2.751,2.7477
2.7324,2.7387,2.7356
2.7574,2.7641,2.7608
2.7666,2.7729,2.7698
2.764,2.7686,2.7663
2.7743,2.7814,2.7779
2.7149,2.7205,2.7177
2.7103,2.7178,2.7141
2.6862,2.6925,2.6894
2.6572,2.6637,2.6605
2.6468,2.6518,2.6493
2.6535,2.6598,2.6567
2.6529,2.6592,2.6561
2.662,2.6676,2.6648
2.6394,2.645,2.6422
2.6176,2.6219,2.6198
2.617,2.6235,2.6203
2.6364,2.6421,2.6393
2.6222,2.6281,2.6252
2.6409,2.6457,2.6433
2.6849,2.6909,2.6879
2.6593,2.6653,2.6623
2.6777,2.6815,2.6796
2.7,2.7064,2.7032
2.723,2.7292,2.7261
2.7155,2.7217,2.7186
2.7135,2.7195,2.7165
2.7076,2.7129,2.7103
2.719,2.7263,2.7227
2.7811,2.7875,2.7843
2.7638,2.768,2.7659
2.7289,2.7354,2.7322
2.724,2.7292,2.7266
2.7524,2.7585,2.7555
2.7521,2.7574,2.7548
2.7493,2.7538,2.7516
2.7682,2.7739,2.7711
2.7458,2.7513,2.7486
2.7653,2.7706,2.768
2.775,2.7801,2.7776
2.753,2.7592,2.7561
2.8122,2.8177,2.815
2.8251,2.8321,2.8286
2.7879,2.7923,2.7901
2.7892,2.7936,2.7914
2.7957,2.8004,2.7981
2.763,2.7702,2.7666
2.7675,2.7737,2.7706
2.8015,2.8067,2.8041
2.8352,2.8427,2.839
2.8565,2.8627,2.8596
2.8777,2.8841,2.8809
2.8844,2.89,2.8872
2.8656,2.8732,2.8694
2.9048,2.9103,2.9076
2.8836,2.89,2.8868
2.8648,2.8712,2.868
2.8542,2.8604,2.8573
2.9314,2.9368,2.9341
2.927,2.9328,2.9299
2.9165,2.9235,2.92
2.9314,2.9389,2.9352
2.8924,2.899,2.8957
2.8815,2.8871,2.8843
2.8973,2.9034,2.9004
2.9409,2.9461,2.9435
2.9504,2.9563,2.9534
2.9263,2.9343,2.9303
2.9056,2.9105,2.9081
2.8829,2.8873,2.8851
2.897,2.9021,2.8996
2.8725,2.8778,2.8752
2.8845,2.8908,2.8877
2.9096,2.915,2.9123
2.9254,2.9319,2.9287
2.9251,2.9305,2.9278
2.9434,2.9509,2.9472
2.9413,2.9477,2.9445
2.961,2.967,2.964
2.9847,2.9895,2.9871
2.982,2.9869,2.9845
2.9636,2.9688,2.9662
2.9445,2.9497,2.9471
2.9343,2.9656,2.95
2.9305,2.9361,2.9333
2.8723,2.8789,2.8756
2.8945,2.9018,2.8982
2.8761,2.8816,2.8789
2.8457,2.8514,2.8486
2.827,2.8337,2.8304
2.8346,2.8411,2.8379
2.7976,2.8041,2.8009
2.7854,2.7903,2.7879
2.8034,2.8099,2.8067
2.8134,2.8201,2.8168
2.7855,2.7915,2.7885
2.7674,2.7737,2.7706
2.7761,2.7825,2.7793
2.7981,2.8036,2.8009
2.7765,2.7827,2.7796
2.7483,2.7538,2.7511
2.7577,2.7649,2.7613
2.7578,2.764,2.7609
2.7497,2.7555,2.7526
2.7599,2.7666,2.7633
2.7529,2.7592,2.7561
2.7523,2.7558,2.7541
2.7788,2.7859,2.7824
2.7767,2.782,2.7794
2.7724,2.7776,2.775
2.8179,2.8246,2.8213
2.834,2.8397,2.8369
2.8687,2.8743,2.8715
2.8818,2.8871,2.8845
2.8716,2.8773,2.8745
2.8595,2.8649,2.8622
2.8656,2.8723,2.869
2.8531,2.8596,2.8564
2.8883,2.8935,2.8909
2.8477,2.8531,2.8504
2.8767,2.8814,2.8791
2.9076,2.9115,2.9096
2.9098,2.9149,2.9124
2.9227,2.9293,2.926
2.9615,2.967,2.9643
2.9074,2.9158,2.9116
2.8755,2.882,2.8788
2.8776,2.8839,2.8808
2.9176,2.9251,2.9214
2.9197,2.9288,2.9243
2.9577,2.9629,2.9603
2.9277,2.9335,2.9306
2.9387,2.9449,2.9418
2.9688,2.9764,2.9726
2.9615,2.9672,2.9644
3.0006,3.0073,3.004
2.9978,3.0054,3.0016
3.0073,3.0167,3.012
2.9854,2.9936,2.9895
2.9891,2.9953,2.9922
2.951,2.9582,2.9546
2.9523,2.9586,2.9555
2.9513,2.9595,2.9554
2.9327,2.9396,2.9362
2.9395,2.9434,2.9415
2.9591,2.9638,2.9615
2.9385,2.9469,2.9427
2.959,2.9647,2.9619
2.9972,3.0034,3.0003
2.981,2.9862,2.9836
3.0016,3.0073,3.0045
2.9887,2.9958,2.9923
3.0065,3.0117,3.0091
2.9999,3.0059,3.0029
3.0201,3.0256,3.0229
3.027,3.0351,3.0311
3.0429,3.0507,3.0468
3.0385,3.0461,3.0423
3.0305,3.0376,3.0341
3.026,3.0338,3.0299
3.0279,3.0352,3.0316
3.0066,3.0128,3.0097
3.0235,3.0306,3.0271
3.0034,3.0107,3.0071
3.0061,3.0131,3.0096
3.0161,3.0224,3.0193
2.9994,3.0053,3.0024
3.0016,3.0076,3.0046
3.014,3.0221,3.0181
2.9832,2.9884,2.9858
2.9614,2.9652,2.9633
2.9611,2.9673,2.9642
2.9766,2.982,2.9793
2.9796,2.9858,2.9827
2.9909,2.9964,2.9937
3.0214,3.0278,3.0246
3.0277,3.0344,3.0311
3.0262,3.0334,3.0298
2.9833,2.9906,2.987
2.9515,2.9582,2.9549
2.955,2.9615,2.9583
2.9651,2.9711,2.9681
2.9595,2.9664,2.963
2.9877,2.9949,2.9913
2.9891,2.9953,2.9922
3.0251,3.0324,3.0288
3.0205,3.0273,3.0239
3.0298,3.0357,3.0328
3.035,3.0413,3.0382
3.0037,3.0385,3.0211
3.0435,3.0507,3.0471
3.038,3.0429,3.0405
3.0404,3.0465,3.0435
3.0345,3.0421,3.0383
3.0173,3.0219,3.0196
3.0046,3.0099,3.0073
3.0074,3.0131,3.0103
3.0221,3.0271,3.0246
2.9916,2.9997,2.9957
2.9994,3.0046,3.002
2.9923,3.0002,2.9963
3.0192,3.0271,3.0232
3.0191,3.0255,3.0223
3.0345,3.0394,3.037
3.0517,3.0577,3.0547
3.0218,3.0295,3.0257
3.0095,3.0617,3.0356
3.0103,3.0168,3.0136
3.0244,3.0291,3.0268
3.0368,3.044,3.0404
3.0112,3.0177,3.0145
3.0041,3.0098,3.007
3.0068,3.0138,3.0103
3.0306,3.0377,3.0342
3.038,3.044,3.041
3.04,3.0475,3.0438
3.0384,3.0446,3.0415
3.0517,3.0565,3.0541
3.0528,3.0589,3.0559
3.0328,3.0386,3.0357
3.0078,3.0135,3.0107
2.9894,2.9952,2.9923
2.99,2.9962,2.9931
2.9872,2.992,2.9896
2.9687,2.9739,2.9713
2.9695,2.9766,2.9731
2.9254,2.9328,2.9291
2.9284,2.9362,2.9323
2.941,2.9472,2.9441
2.9379,2.9445,2.9412
2.9467,2.9536,2.9502
2.9563,2.963,2.9597
2.9699,2.9746,2.9723
2.9625,2.9686,2.9656
2.9867,2.9921,2.9894
2.9722,2.9792,2.9757
3.0023,3.0065,3.0044
3.0025,3.0114,3.007
3.0052,3.011,3.0081
3.0008,3.007,3.0039
3.0144,3.0206,3.0175
3.0469,3.0529,3.0499
3.069,3.0745,3.0718
3.079,3.0851,3.0821
3.017,3.0243,3.0207
3.0046,3.01,3.0073
2.9856,2.9944,2.99
2.9807,2.9844,2.9826
2.9968,3.0019,2.9994
2.9917,2.9977,2.9947
2.9743,2.9793,2.9768
2.993,2.9985,2.9958
3.0121,3.0179,3.015
3.0294,3.0375,3.0335
3.0365,3.0434,3.04
3.0552,3.0654,3.0603
3.0787,3.0851,3.0819
3.0825,3.0894,3.086
3.0916,3.098,3.0948
3.1048,3.1118,3.1083
3.1379,3.1436,3.1408
3.1719,3.1792,3.1756
3.1493,3.1576,3.1535
3.1577,3.1636,3.1607
3.1925,3.1993,3.1959
3.1969,3.2038,3.2004
3.1919,3.1968,3.1944
3.193,3.1998,3.1964
3.2118,3.2166,3.2142
3.2193,3.2264,3.2229
3.2123,3.2207,3.2165
3.2177,3.2252,3.2215
3.2214,3.2274,3.2244
3.2161,3.2245,3.2203
3.2402,3.2485,3.2444
3.2329,3.2401,3.2365
3.2984,3.3043,3.3014
3.2982,3.305,3.3016
3.2828,3.288,3.2854
3.282,3.2882,3.2851
3.3383,3.3447,3.3415
3.3296,3.3373,3.3335
3.3483,3.3563,3.3523
3.3426,3.3492,3.3459
3.3553,3.3616,3.3585
3.3578,3.3647,3.3613
3.3675,3.3768,3.3722
3.3539,3.3614,3.3577
3.3579,3.3626,3.3603
3.3536,3.3602,3.3569
3.3976,3.4046,3.4011
3.4253,3.4304,3.4279
3.4053,3.4115,3.4084
3.4231,3.4287,3.4259
3.4389,3.4467,3.4428
3.4391,3.4436,3.4414
3.4074,3.4144,3.4109
3.4103,3.4156,3.413
3.4445,3.4504,3.4475
3.4706,3.4786,3.4746
3.4573,3.4633,3.4603
3.4646,3.4723,3.4685
3.4802,3.4851,3.4827
3.4626,3.4669,3.4648
3.4718,3.4774,3.4746
3.4991,3.504,3.5016
3.4977,3.504,3.5009
3.4884,3.4939,3.4912
3.465,3.4719,3.4685
3.4363,3.4426,3.4395
3.3736,3.3806,3.3771
3.3145,3.3205,3.3175
3.307,3.3135,3.3103
3.3146,3.3217,3.3182
3.3178,3.3242,3.321
3.3259,3.332,3.329
3.2922,3.2973,3.2948
3.2573,3.264,3.2607
3.2275,3.2349,3.2312
3.1516,3.1578,3.1547
3.1662,3.172,3.1691
3.1414,3.1466,3.144
3.1399,3.1477,3.1438
3.1438,3.1496,3.1467
3.1493,3.154,3.1517
3.1912,3.1973,3.1943
3.1699,3.1754,3.1727
3.1261,3.1324,3.1293
3.1373,3.1437,3.1405
3.1294,3.1339,3.1317
3.1473,3.1535,3.1504
3.15,3.1557,3.1529
3.1223,3.1287,3.1255
3.1191,3.1244,3.1218
3.127,3.1326,3.1298
3.1444,3.1517,3.1481
3.1138,3.1198,3.1168
3.0979,3.1029,3.1004
3.1025,3.1077,3.1051
3.0943,3.1016,3.098
3.0853,3.0915,3.0884
3.0981,3.1025,3.1003
3.0899,3.0954,3.0927
3.1098,3.1155,3.1127
3.1289,3.1347,3.1318
3.1394,3.1438,3.1416
3.144,3.149,3.1465
3.1489,3.1555,3.1522
3.1614,3.1677,3.1646
3.1838,3.1878,3.1858
3.2219,3.2305,3.2262
3.2088,3.2158,3.2123
3.2007,3.2047,3.2027
3.1985,3.2038,3.2012
3.2005,3.2054,3.203
3.1857,3.1913,3.1885
3.16,3.1667,3.1634
3.1908,3.1959,3.1934
3.2089,3.2134,3.2112
3.2296,3.2355,3.2326
3.2487,3.2543,3.2515
3.2431,3.2503,3.2467
3.2512,3.2576,3.2544
3.2607,3.2682,3.2645
3.2663,3.274,3.2702
3.3015,3.308,3.3048
3.2878,3.2941,3.291
3.3059,3.3116,3.3088
3.3018,3.3077,3.3048
3.2928,3.2984,3.2956
3.2846,3.2892,3.2869
3.2796,3.2865,3.2831
3.2958,3.3026,3.2992
3.3048,3.3095,3.3072
3.3143,3.3205,3.3174
3.3487,3.354,3.3514
3.3434,3.3481,3.3458
3.3165,3.3239,3.3202
3.3054,3.3101,3.3078
3.3048,3.3148,3.3098
3.3148,3.3215,3.3182
3.3126,3.3187,3.3157
3.3123,3.32,3.3162
3.3389,3.3444,3.3417
3.3644,3.3703,3.3674
3.4004,3.4052,3.4028
3.4062,3.4132,3.4097
3.4542,3.4605,3.4574
3.4643,3.4705,3.4674
3.4752,3.483,3.4791
3.4583,3.4657,3.462
3.4667,3.472,3.4694
3.477,3.4841,3.4806
3.4633,3.4688,3.4661
3.4894,3.4952,3.4923
3.4942,3.4997,3.497
3.4882,3.4951,3.4917
3.4937,3.4994,3.4966
3.4869,3.4923,3.4896
3.4728,3.4799,3.4764
3.4627,3.4696,3.4662
3.4537,3.4616,3.4577
3.4563,3.4625,3.4594
3.4405,3.4467,3.4436
3.4503,3.4557,3.453
3.4417,3.4499,3.4458
3.4438,3.4511,3.4475
3.4244,3.432,3.4282
3.4537,3.4586,3.4562
3.4698,3.4757,3.4728
3.4667,3.4738,3.4703
3.4791,3.4854,3.4823
3.4734,3.4805,3.477
3.4652,3.4703,3.4678
3.4685,3.4733,3.4709
3.4931,3.4982,3.4957
3.4965,3.5028,3.4997
3.5026,3.5089,3.5058
3.4746,3.4812,3.4779
3.477,3.4838,3.4804
3.4929,3.4975,3.4952
3.5272,3.5341,3.5307
3.5127,3.521,3.5169
3.535,3.5407,3.5379
3.5485,3.5529,3.5507
3.5377,3.5427,3.5402
3.5333,3.5415,3.5374
3.519,3.5252,3.5221
3.5116,3.5159,3.5138
3.5231,3.5292,3.5262
3.5147,3.521,3.5179
3.5241,3.5308,3.5275
3.5398,3.5587,3.5493
3.5147,3.5214,3.5181
3.501,3.5073,3.5042
3.47,3.4763,3.4732
3.4586,3.4648,3.4617
3.446,3.4517,3.4489
3.4442,3.4496,3.4469
3.4395,3.4458,3.4427
3.4355,3.4411,3.4383
3.4488,3.455,3.4519
3.4266,3.4328,3.4297
3.4052,3.4105,3.4079
3.4046,3.4105,3.4076
3.4145,3.4213,3.4179
3.4029,3.4091,3.406
3.4212,3.4291,3.4252
3.447,3.4538,3.4504
3.4361,3.443,3.4396
3.4234,3.4291,3.4263
3.4206,3.4277,3.4242
3.4448,3.4519,3.4484
3.4222,3.4284,3.4253
3.4149,3.4217,3.4183
3.3998,3.406,3.4029
3.3689,3.3745,3.3717
3.3568,3.3625,3.3597
3.3479,3.3532,3.3506
3.351,3.3558,3.3534
3.3435,3.3496,3.3466
3.3567,3.3627,3.3597
3.3774,3.3827,3.3801
3.3469,3.3528,3.3499
3.356,3.3617,3.3589
3.3487,3.3551,3.3519
3.3702,3.3746,3.3724
3.3629,3.3685,3.3657
3.3644,3.3705,3.3675
3.3523,3.3587,3.3555
3.3237,3.3591,3.3414
3.3328,3.3389,3.3359
3.3341,3.3402,3.3372
3.3124,3.3182,3.3153
3.3204,3.3254,3.3229
3.3363,3.3405,3.3384
3.3358,3.3399,3.3379
3.3547,3.3608,3.3578
3.356,3.3619,3.359
3.3504,3.3572,3.3538
3.351,3.3571,3.3541
3.3309,3.3374,3.3342
3.3436,3.3489,3.3463
3.3491,3.3546,3.3519
3.356,3.3603,3.3582
3.3355,3.3411,3.3383
3.3139,3.3194,3.3167
3.3148,3.3201,3.3175
3.3229,3.3284,3.3257
3.3349,3.3399,3.3374
3.3545,3.36,3.3573
3.3757,3.3799,3.3778
3.3783,3.3835,3.3809
3.3792,3.3874,3.3833
3.3759,3.3815,3.3787
3.3773,3.3821,3.3797
3.3894,3.3956,3.3925
3.3983,3.4046,3.4015
3.4271,3.4317,3.4294
3.4371,3.4438,3.4405
3.446,3.4529,3.4495
3.4526,3.4583,3.4555
3.4576,3.4638,3.4607
3.4621,3.4689,3.4655
3.4641,3.4692,3.4667
3.4583,3.4649,3.4616
3.4519,3.4562,3.4541
3.4582,3.4656,3.4619
3.4787,3.4839,3.4813
3.4786,3.4844,3.4815
3.5153,3.5209,3.5181
3.5084,3.5138,3.5111
3.5188,3.5266,3.5227
3.536,3.5412,3.5386
3.5381,3.5449,3.5415
3.5393,3.5437,3.5415
3.5267,3.5318,3.5293
3.5673,3.575,3.5712
3.573,3.5794,3.5762
3.5751,3.5805,3.5778
3.5771,3.5829,3.58
3.5765,3.5842,3.5804
3.5812,3.5898,3.5855
3.5418,3.547,3.5444
3.5045,3.5098,3.5072
3.5044,3.5108,3.5076
3.4805,3.4871,3.4838
3.4762,3.4819,3.4791
3.4506,3.457,3.4538
3.4505,3.4568,3.4537
3.461,3.4667,3.4639
3.4556,3.4639,3.4598
3.4597,3.4666,3.4632
3.4957,3.5021,3.4989
3.4928,3.4998,3.4963
3.4872,3.4938,3.4905
3.4861,3.4924,3.4893
3.4641,3.4709,3.4675
3.4627,3.469,3.4659
3.4519,3.459,3.4555
3.4593,3.4655,3.4624
3.4552,3.4615,3.4584
3.4415,3.4479,3.4447
3.4146,3.42,3.4173
3.4201,3.4267,3.4234
3.4161,3.4206,3.4184
3.4473,3.4535,3.4504
3.4408,3.4483,3.4446
3.4611,3.4663,3.4637
3.4731,3.4786,3.4759
3.4794,3.4855,3.4825
3.4741,3.4804,3.4773
3.4548,3.4623,3.4586
3.4088,3.4131,3.411
3.4022,3.4082,3.4052
3.3937,3.4,3.3969
3.3969,3.402,3.3995
3.393,3.3998,3.3964
3.4035,3.4093,3.4064
3.3953,3.4004,3.3979
3.3929,3.3985,3.3957
3.3794,3.3849,3.3822
3.3757,3.382,3.3789
3.3785,3.3847,3.3816
3.389,3.3953,3.3922
3.3829,3.3901,3.3865
3.3801,3.3869,3.3835
3.3874,3.3925,3.39
3.4131,3.4199,3.4165
3.4196,3.4271,3.4234
3.4129,3.4203,3.4166
3.4201,3.4266,3.4234
3.4217,3.4284,3.4251
3.4199,3.4271,3.4235
3.428,3.4331,3.4306
3.4197,3.4269,3.4233
3.3774,3.3836,3.3805
3.3538,3.3608,3.3573
3.3417,3.3493,3.3455
3.3278,3.334,3.3309
3.3293,3.3334,3.3314
3.3313,3.3363,3.3338
3.3245,3.3313,3.3279
3.3036,3.3109,3.3073
3.3048,3.3121,3.3085
3.3129,3.3196,3.3163
3.3114,3.3178,3.3146
3.2779,3.2826,3.2803
3.2861,3.2919,3.289
3.3091,3.3143,3.3117
3.3249,3.3313,3.3281
3.331,3.3365,3.3338
3.2931,3.2991,3.2961
3.3088,3.3169,3.3129
3.3136,3.3217,3.3177
3.3134,3.3194,3.3164
3.3335,3.3387,3.3361
3.3486,3.3559,3.3523
3.3279,3.3349,3.3314
3.3395,3.3456,3.3426
3.3328,3.3369,3.3349
3.324,3.3295,3.3268
3.3363,3.3413,3.3388
3.3431,3.3492,3.3462
3.3352,3.3412,3.3382
3.3824,3.3872,3.3848
3.3669,3.3726,3.3698
3.3979,3.4036,3.4008
3.3853,3.3917,3.3885
3.3718,3.3792,3.3755
3.3816,3.3876,3.3846
3.3807,3.3869,3.3838
3.3806,3.3868,3.3837
3.3434,3.3491,3.3463
3.3023,3.3083,3.3053
3.2833,3.2902,3.2868
3.2918,3.2975,3.2947
3.2937,3.2984,3.2961
3.3178,3.3225,3.3202
3.3101,3.3172,3.3137
3.3311,3.3365,3.3338
3.3158,3.3206,3.3182
3.3166,3.3229,3.3198
3.3403,3.3469,3.3436
3.3397,3.3458,3.3428
3.3354,3.3432,3.3393
3.344,3.3495,3.3468
3.3618,3.3686,3.3652
3.3881,3.3944,3.3913
3.4288,3.4353,3.4321
3.4583,3.4653,3.4618
3.4663,3.4718,3.4691
3.469,3.474,3.4715
3.4704,3.4756,3.473
3.4591,3.4667,3.4629
3.4572,3.4636,3.4604
3.433,3.4394,3.4362
3.473,3.4794,3.4762
3.4606,3.4666,3.4636
3.4795,3.4849,3.4822
3.4723,3.4801,3.4762
3.4657,3.4729,3.4693
3.4726,3.4784,3.4755
3.4752,3.4809,3.4781
3.4823,3.4872,3.4848
3.4746,3.4809,3.4778
3.4604,3.4654,3.4629
3.4741,3.4811,3.4776
3.4657,3.4726,3.4692
3.4857,3.4921,3.4889
3.4815,3.4878,3.4847
3.4746,3.4814,3.478
3.4316,3.4374,3.4345
3.4163,3.4231,3.4197
3.4043,3.4126,3.4085
3.3998,3.406,3.4029
3.4209,3.428,3.4245
3.427,3.4344,3.4307
3.4441,3.4511,3.4476
3.4623,3.4689,3.4656
3.4203,3.4269,3.4236
3.4576,3.4633,3.4605
3.4638,3.4701,3.467
3.464,3.4689,3.4665
3.4421,3.4464,3.4443
3.4307,3.4357,3.4332
3.4095,3.4144,3.412
3.4055,3.4116,3.4086
3.3902,3.3951,3.3927
3.3989,3.4038,3.4014
3.4143,3.4215,3.4179
3.3887,3.395,3.3919
3.3825,3.3886,3.3856
3.3665,3.3749,3.3707
3.3942,3.4007,3.3975
3.4188,3.425,3.4219
3.4169,3.4218,3.4194
3.4148,3.4215,3.4182
3.4306,3.4383,3.4345
3.458,3.4656,3.4618
3.4671,3.4745,3.4708
3.4581,3.4645,3.4613
3.4592,3.4642,3.4617
3.4563,3.462,3.4592
3.4469,3.4516,3.4493
3.449,3.454,3.4515
3.448,3.4546,3.4513
3.4381,3.4467,3.4424
3.4279,3.4345,3.4312
3.3961,3.4023,3.3992
3.388,3.3956,3.3918
3.3851,3.3923,3.3887
3.3929,3.3995,3.3962
3.4026,3.4101,3.4064
3.4071,3.4133,3.4102
3.4122,3.4185,3.4154
3.4224,3.4306,3.4265
3.4209,3.4278,3.4244
3.4118,3.4184,3.4151
3.412,3.4202,3.4161
3.4142,3.4218,3.418
3.3947,3.4025,3.3986
3.3833,3.3888,3.3861
3.3863,3.3936,3.39
3.3876,3.3951,3.3914
3.3811,3.3892,3.3852
3.3878,3.393,3.3904
3.4014,3.4083,3.4049
3.3893,3.3963,3.3928
3.4493,3.4557,3.4525
3.4481,3.4557,3.4519
3.4502,3.4553,3.4528
3.4612,3.4682,3.4647
3.4872,3.4939,3.4906
3.4884,3.496,3.4922
3.4655,3.4722,3.4689
3.4512,3.4561,3.4537
3.4485,3.4536,3.4511
3.4574,3.464,3.4607
3.4773,3.4841,3.4807
3.4984,3.5052,3.5018
3.4904,3.4987,3.4946
3.4656,3.4729,3.4693
3.4796,3.4872,3.4834
3.4656,3.4732,3.4694
3.4612,3.4688,3.465
3.4659,3.4729,3.4694
3.4584,3.466,3.4622
3.4625,3.4689,3.4657
3.51,3.5159,3.513
3.5017,3.51,3.5059
3.5384,3.5449,3.5417
3.5402,3.5452,3.5427
3.4883,3.4947,3.4915
3.4722,3.4786,3.4754
3.4679,3.4731,3.4705
3.4695,3.4765,3.473
3.4726,3.4793,3.476
3.477,3.4853,3.4812
3.4452,3.4509,3.4481
3.453,3.46,3.4565
3.4647,3.472,3.4684
3.4613,3.4683,3.4648
3.4303,3.4367,3.4335
3.4123,3.418,3.4152
3.3966,3.4041,3.4004
3.3845,3.3929,3.3887
3.3932,3.3995,3.3964
3.3946,3.4016,3.3981
3.3714,3.3776,3.3745
3.3738,3.3807,3.3773
3.3721,3.4053,3.3887
3.4492,3.4565,3.4529
3.4771,3.4853,3.4812
3.4787,3.4876,3.4832
3.4956,3.5043,3.5
3.5047,3.5117,3.5082
3.5196,3.5279,3.5238
3.5161,3.5239,3.52
3.5112,3.5171,3.5142
3.523,3.5325,3.5278
3.5046,3.5129,3.5088
3.5041,3.5112,3.5077
3.5122,3.5194,3.5158
3.5049,3.5132,3.5091
3.5261,3.533,3.5296
3.5411,3.5474,3.5443
3.5305,3.5371,3.5338
3.5529,3.5608,3.5569
3.6054,3.6126,3.609
3.5854,3.5925,3.589
3.5716,3.5781,3.5749
3.5849,3.5931,3.589
3.5336,3.5409,3.5373
3.5298,3.5358,3.5328
3.544,3.5512,3.5476
3.5303,3.5388,3.5346
3.5416,3.5475,3.5446
3.5543,3.5622,3.5583
3.5428,3.5494,3.5461
3.558,3.5646,3.5613
3.5751,3.5824,3.5788
3.5621,3.5687,3.5654
3.5907,3.5974,3.5941
3.5485,3.553,3.5508
3.5766,3.5838,3.5802
3.6059,3.6133,3.6096
3.6446,3.6511,3.6479
3.6724,3.6814,3.6769
3.6717,3.6802,3.676
3.6943,3.7012,3.6978
3.679,3.6852,3.6821
3.6788,3.6856,3.6822
3.6606,3.6681,3.6644
3.6739,3.68,3.677
3.6913,3.6995,3.6954
3.7081,3.7143,3.7112
3.7009,3.7078,3.7044
3.6939,3.7001,3.697
3.7138,3.7207,3.7173
3.7105,3.7195,3.715
3.7176,3.7246,3.7211
3.7106,3.7176,3.7141
3.668,3.6757,3.6719
3.5973,3.6033,3.6003
3.6112,3.6171,3.6142
3.6181,3.6261,3.6221
3.5944,3.6012,3.5978
3.5974,3.6035,3.6005
3.6004,3.6064,3.6034
3.6185,3.6245,3.6215
3.591,3.5976,3.5943
3.6217,3.6291,3.6254
3.614,3.622,3.618
3.6061,3.6134,3.6098
3.6194,3.6254,3.6224
3.6255,3.6315,3.6285
3.636,3.6427,3.6394
3.6234,3.6294,3.6264
3.6461,3.6538,3.65
3.6468,3.6549,3.6509
3.645,3.6517,3.6484
3.6467,3.6548,3.6508
3.6295,3.6362,3.6329
3.6067,3.6127,3.6097
3.5736,3.58,3.5768
3.5643,3.5709,3.5676
3.5802,3.5868,3.5835
3.5842,3.5927,3.5885
3.5782,3.5862,3.5822
3.5584,3.565,3.5617
3.5704,3.5777,3.5741
3.5571,3.565,3.5611
3.5628,3.5694,3.5661
3.6499,3.6574,3.6537
3.5491,3.5554,3.5523
3.5603,3.566,3.5632
3.535,3.5415,3.5383
3.5332,3.5397,3.5365
3.5274,3.535,3.5312
3.5172,3.5244,3.5208
3.5019,3.507,3.5045
3.5249,3.5316,3.5283
3.5091,3.5159,3.5125
3.5089,3.5134,3.5112
3.5186,3.5253,3.522
3.5343,3.5403,3.5373
3.5337,3.5403,3.537
3.5517,3.559,3.5554
3.5413,3.5489,3.5451
3.556,3.5618,3.5589
3.6011,3.6069,3.604
3.6167,3.6232,3.62
3.6348,3.6407,3.6378
3.6487,3.6546,3.6517
3.659,3.6668,3.6629
3.6365,3.6436,3.6401
3.634,3.6392,3.6366
3.63,3.6388,3.6344
3.6141,3.6208,3.6175
3.5991,3.6058,3.6025
3.5977,3.6038,3.6008
3.6054,3.61,3.6077
3.6029,3.6089,3.6059
3.6268,3.6335,3.6302
3.6324,3.6401,3.6363
3.6542,3.6595,3.6569
3.6609,3.6683,3.6646
3.6683,3.6767,3.6725
3.6769,3.6846,3.6808
3.683,3.6896,3.6863
3.6589,3.6663,3.6626
3.6719,3.681,3.6765
3.693,3.7022,3.6976
3.6863,3.6937,3.69
3.661,3.6678,3.6644
3.6623,3.671,3.6667
3.6393,3.6448,3.6421
3.6533,3.6607,3.657
3.6666,3.6721,3.6694
3.6775,3.6831,3.6803
3.6902,3.697,3.6936
3.6886,3.6954,3.692
3.673,3.6805,3.6768
3.6955,3.702,3.6988
3.7012,3.7078,3.7045
3.7006,3.7052,3.7029
3.6786,3.6854,3.682
3.6677,3.6751,3.6714
3.5498,3.5564,3.5531
3.6547,3.6622,3.6585
3.6288,3.6333,3.6311
3.6249,3.6317,3.6283
3.6115,3.6167,3.6141
3.6197,3.6264,3.6231
3.5967,3.6043,3.6005
3.5645,3.573,3.5688
3.5544,3.5604,3.5574
3.551,3.5566,3.5538
3.596,3.6021,3.5991
3.5742,3.5815,3.5779
3.573,3.5797,3.5764
3.5649,3.5728,3.5689
3.5679,3.5748,3.5714
3.5708,3.5759,3.5734
3.5702,3.5787,3.5745
3.5787,3.5872,3.583
3.5647,3.5707,3.5677
3.5579,3.5645,3.5612
3.5757,3.5824,3.5791
3.5616,3.5695,3.5656
3.5563,3.5636,3.56
3.5523,3.5581,3.5552
3.5506,3.5592,3.5549
3.5455,3.5515,3.5485
3.5662,3.5747,3.5705
3.6011,3.6078,3.6045
3.6115,3.6177,3.6146
3.6342,3.6416,3.6379
3.6415,3.6468,3.6442
3.6362,3.6414,3.6388
3.6333,3.6402,3.6368
3.6537,3.6611,3.6574
3.6531,3.6584,3.6559
3.6386,3.6454,3.642
3.6403,3.6471,3.6437
3.629,3.6358,3.6324
3.4835,3.4879,3.4857
4.025,4.0301,4.0276
3.6852,3.6914,3.6883
3.6086,3.6139,3.6113
3.6889,3.6951,3.692
3.5964,3.6032,3.5998
3.6106,3.6165,3.6136
3.6417,3.6499,3.6458
3.5854,3.5918,3.5886
3.5939,3.6001,3.597
3.5984,3.603,3.6007
3.5833,3.5885,3.5859
3.5603,3.567,3.5637
3.5583,3.5669,3.5626
3.5815,3.5889,3.5852
3.5943,3.6017,3.598
3.5864,3.5918,3.5891
3.6167,3.6235,3.6201
3.5791,3.5858,3.5825
3.5775,3.582,3.5798
3.592,3.6007,3.5964
3.6017,3.6069,3.6043
3.5977,3.6033,3.6005
3.5836,3.5917,3.5877
3.6237,3.6306,3.6272
3.6409,3.6497,3.6453
3.6495,3.6564,3.653
3.6483,3.6558,3.6521
3.6449,3.651,3.648
3.6293,3.6362,3.6328
3.6392,3.6455,3.6424
3.6596,3.6671,3.6634
3.6589,3.6657,3.6623
3.6768,3.6845,3.6807
3.6844,3.692,3.6882
3.6839,3.6886,3.6863
3.6884,3.6931,3.6908
3.6733,3.6801,3.6767
3.6685,3.6735,3.671
3.6626,3.6688,3.6657
3.6583,3.6658,3.6621
3.6294,3.6349,3.6322
3.7864,3.7919,3.7892
3.6443,3.6512,3.6478
3.6485,3.656,3.6523
3.6576,3.6638,3.6607
3.6578,3.6654,3.6616
3.6509,3.6573,3.6541
3.646,3.652,3.649
3.6125,3.6451,3.6288
3.7226,3.7289,3.7258
3.7269,3.7323,3.7296
3.7188,3.7257,3.7223
3.7334,3.7397,3.7366
3.7668,3.7716,3.7692
3.788,3.7944,3.7912
3.7745,3.7803,3.7774
3.7797,3.7874,3.7836
3.7944,3.8014,3.7979
3.7685,3.7756,3.7721
3.7699,3.777,3.7735
3.8172,3.8244,3.8208
3.8121,3.8186,3.8154
3.8159,3.8223,3.8191
3.798,3.8051,3.8016
3.8039,3.8105,3.8072
3.8191,3.8257,3.8224
3.8286,3.8342,3.8314
3.8299,3.8354,3.8327
3.8641,3.8713,3.8677
3.8719,3.8813,3.8766
3.8829,3.8915,3.8872
3.8668,3.874,3.8704
3.8422,3.8494,3.8458
3.8301,3.8367,3.8334
3.7936,3.8008,3.7972
3.7958,3.8016,3.7987
3.8119,3.819,3.8155
3.8203,3.8267,3.8235
3.8207,3.8286,3.8247
3.8209,3.8288,3.8249
3.8145,3.821,3.8178
3.8042,3.8128,3.8085
3.7973,3.8029,3.8001
3.7941,3.8012,3.7977
3.7837,3.7901,3.7869
3.7892,3.7956,3.7924
3.766,3.7716,3.7688
3.732,3.7391,3.7356
3.7216,3.7273,3.7245
3.4675,3.4741,3.4708
3.7183,3.7237,3.721
3.6855,3.6932,3.6894
3.6589,3.6636,3.6613
3.6194,3.627,3.6232
3.6081,3.6141,3.6111
3.6162,3.6231,3.6197
3.6066,3.6134,3.61
3.5742,3.5809,3.5776
3.5809,3.5877,3.5843
3.6044,3.6106,3.6075
3.5881,3.5934,3.5908
3.5685,3.5747,3.5716
3.5551,3.5613,3.5582
3.5486,3.5543,3.5515
3.5364,3.5424,3.5394
3.526,3.5313,3.5287
3.5017,3.5094,3.5056
3.4635,3.4689,3.4662
3.3581,3.3645,3.3613
3.5008,3.5068,3.5038
3.4905,3.4971,3.4938
3.4751,3.481,3.4781
3.4413,3.4479,3.4446
3.4631,3.4703,3.4667
3.483,3.4896,3.4863
3.5027,3.5094,3.5061
3.4945,3.5018,3.4982
3.534,3.5397,3.5369
3.4672,3.4725,3.4699
3.2312,3.2372,3.2342
3.3387,3.3433,3.341
3.2813,3.2864,3.2839
3.2069,3.2138,3.2104
3.1354,3.1421,3.1388
3.1279,3.134,3.131
3.1298,3.135,3.1324
3.1158,3.1231,3.1195
3.2008,3.2083,3.2046
3.2861,3.2931,3.2896
4.2611,4.2664,4.2638
3.3031,3.3085,3.3058
3.3467,3.3529,3.3498
3.3289,3.3354,3.3322
3.3209,3.3273,3.3241
3.301,3.3087,3.3049
3.2809,3.2867,3.2838
3.3485,3.3549,3.3517
3.4007,3.4083,3.4045
3.4121,3.4177,3.4149
3.4706,3.476,3.4733
3.5276,3.5321,3.5299
3.4791,3.4858,3.4825
3.4635,3.4725,3.468
3.499,3.5048,3.5019
3.5162,3.521,3.5186
3.4682,3.4733,3.4708
3.4875,3.492,3.4898
3.5279,3.5346,3.5313
3.5292,3.5344,3.5318
3.5834,3.588,3.5857
3.6331,3.6424,3.6378
3.6584,3.664,3.6612
3.6584,3.664,3.6612
3.606,3.6106,3.6083
3.601,3.606,3.6035
3.6068,3.6157,3.6113
3.6577,3.6641,3.6609
3.6368,3.6437,3.6403
3.9489,3.9549,3.9519
3.6516,3.6563,3.654
3.6275,3.6321,3.6298
3.6047,3.6112,3.608
3.5966,3.6031,3.5999
3.6468,3.6515,3.6492
3.6782,3.6858,3.682
3.7014,3.7071,3.7043
3.6896,3.6985,3.6941
3.6586,3.6682,3.6634
3.7262,3.7353,3.7308
3.6946,3.7018,3.6982
3.7385,3.745,3.7418
3.7273,3.7337,3.7305
3.8087,3.8152,3.812
3.8662,3.8734,3.8698
3.902,3.908,3.905
3.9076,3.9155,3.9116
3.9193,3.9271,3.9232
3.9286,3.935,3.9318
3.918,3.926,3.922
3.9369,3.9431,3.94
3.8745,3.8828,3.8787
3.8628,3.8729,3.8679
3.8724,3.8804,3.8764
3.8844,3.8917,3.8881
3.8955,3.9035,3.8995
3.8729,3.8801,3.8765
3.8732,3.8798,3.8765
3.8965,3.9028,3.8997
3.9285,3.9335,3.931
3.883,3.8893,3.8862
3.8777,3.8859,3.8818
3.8799,3.8855,3.8827
3.8789,3.8861,3.8825
3.8978,3.9058,3.9018
3.9202,3.9273,3.9238
3.9104,3.9167,3.9136
3.9295,3.9352,3.9324
3.9491,3.9557,3.9524
3.9444,3.9517,3.9481
3.9427,3.9487,3.9457
3.9442,3.9495,3.9469
3.9571,3.9673,3.9622
3.9432,3.9498,3.9465
3.9728,3.9785,3.9757
3.9682,3.9756,3.9719
3.957,3.9644,3.9607
3.9694,3.9754,3.9724
4.0297,4.0355,4.0326
4.0489,4.0564,4.0527
4.0359,4.0441,4.04
4.0269,4.0344,4.0307
4.0464,4.0547,4.0506
4.0629,4.0704,4.0667
4.0665,4.0741,4.0703
4.0501,4.0569,4.0535
4.0594,4.0653,4.0624
4.0874,4.0928,4.0901
4.0986,4.1049,4.1018
4.0658,4.072,4.0689
4.0667,4.0725,4.0696
4.064,4.0691,4.0666
4.0698,4.075,4.0724
4.0707,4.0758,4.0733
4.069,4.0741,4.0716
4.09,4.0951,4.0926
4.1056,4.1111,4.1084
4.109,4.1141,4.1116
4.0648,4.0702,4.0675
4.0599,4.0651,4.0625
4.0726,4.0777,4.0752
4.0762,4.0816,4.0789
4.1019,4.1067,4.1043
4.1139,4.1191,4.1165
4.1761,4.1816,4.1789
4.1928,4.1981,4.1955
4.192,4.1976,4.1948
4.1534,4.1587,4.1561
4.0969,4.102,4.0995
4.1365,4.1409,4.1387
4.118,4.1224,4.1202
4.1443,4.1498,4.1471
4.1205,4.1257,4.1231
4.1397,4.1452,4.1425
4.1506,4.1558,4.1532
4.1433,4.1485,4.1459
4.1581,4.1633,4.1607
4.1591,4.165,4.1621
4.1717,4.177,4.1744
4.1514,4.1567,4.1541
4.1634,4.1687,4.1661
4.0896,4.0955,4.0926
4.0473,4.0534,4.0504
4.0037,4.0087,4.0062
3.9979,4.003,4.0005
4.0566,4.0617,4.0592
4.0832,4.0884,4.0858
4.082,4.0879,4.085
4.0948,4.0999,4.0974
4.0771,4.0822,4.0797
4.0723,4.0774,4.0749
4.0812,4.0859,4.0836
4.1205,4.1257,4.1231
4.1071,4.1126,4.1099
4.352,4.3614,4.3567
4.0787,4.0841,4.0814
4.2016,4.2069,4.2043
4.0803,4.0847,4.0825
4.0382,4.0433,4.0408
4.0386,4.044,4.0413
4.0434,4.0488,4.0461
4.0192,4.0243,4.0218
4.0614,4.0666,4.064
4.0546,4.0597,4.0572
4.0565,4.0609,4.0587
4.063,4.0684,4.0657
4.0707,4.0761,4.0734
4.0257,4.0308,4.0283
4.0022,4.0069,4.0046
4.0135,4.0186,4.0161
4.0211,4.0265,4.0238
4.0759,4.0803,4.0781
4.0995,4.105,4.1023
4.1397,4.1449,4.1423
4.1356,4.1411,4.1384
4.1717,4.1773,4.1745
4.1768,4.182,4.1794
4.1499,4.1551,4.1525
4.1522,4.1575,4.1549
4.1452,4.1526,4.1489
4.1356,4.1455,4.1406
4.1776,4.1829,4.1803
4.1976,4.2021,4.1999
4.1641,4.1693,4.1667
4.1494,4.1546,4.152
4.1748,4.179,4.1769
4.1521,4.1573,4.1547
4.1953,4.2009,4.1981
4.2221,4.2274,4.2248
4.2142,4.2195,4.2169
4.2004,4.2057,4.2031
4.2091,4.2144,4.2118
4.2518,4.2575,4.2547
4.2418,4.2472,4.2445
4.2289,4.2346,4.2318
4.2959,4.3013,4.2986
4.303,4.3087,4.3059
4.3168,4.3222,4.3195
4.3068,4.3122,4.3095
4.3177,4.3242,4.321
4.3444,4.3502,4.3473
4.3067,4.3124,4.3096
4.3053,4.311,4.3082
4.332,4.3374,4.3347
4.3526,4.3595,4.3561
4.4041,4.4096,4.4069
4.3594,4.3652,4.3623
4.4535,4.4601,4.4568
3.6063,3.613,3.6097
